"Processo","Ementa","Autor","Relator","Tramitação","Tramitacao Interna","Dias na Comissão","Dias no Estado Atual"
"PL 299/2026","DISPÕE SOBRE AS DIRETRIZES ORÇAMENTÁRIAS PARA O EXERCÍCIO DE 2027.","Executivo - RICARDO NUNES","Ver. ANA CAROLINA OLIVEIRA (PODE)","16/04/2026 21:40:00 - FIN  (Recebido de SGP22)","20/05/2026 02:46 - Secretaria (SGP12) / Aguardando Notas Taquigráficas (Audiência realizada)","37","3"
"PL 154/2026","ALTERA A LEI Nº 14.485, DE 19 DE JULHO DE 2007, PARA INCLUIR NO CALENDÁRIO DE EVENTOS DA CIDADE SÃO PAULO O DIA DO FESTIVAL DO BARCO-DRAGÃO (DRAGON BOAT FESTIVAL – DUANWU JIE).","Ver. GEORGE HATO (MDB)","","21/05/2026 17:58:00 - FIN  (Recebido de EDUC)","21/05/2026 05:58 - Presidente da Comissão / Designar Relator","2","2"
"PL 1474/2025","ALTERA A LEI Nº 14.485, DE 19 DE JULHO DE 2007, PARA INCLUIR NO CALENDÁRIO DE EVENTOS DA CIDADE SÃO PAULO O DIA DA SANTA MAZU.","Ver. GEORGE HATO (MDB)","","21/05/2026 17:59:00 - FIN  (Recebido de EDUC)","21/05/2026 05:59 - Presidente da Comissão / Designar Relator","2","2"
"PL 1365/2025","ALTERA A LEI Nº 14.485, DE 19 DE JULHO DE 2007, PARA INCLUIR NO CALENDÁRIO DE EVENTOS DA CIDADE DE SÃO PAULO O “DIA MUNICIPAL DO IMIGRANTE BESSARABIANO, BÚLGARO E GAGAÚZO"".","Ver. THAMMY MIRANDA (PSD)","","12/05/2026 14:15:00 - FIN  (Recebido de EDUC)","12/05/2026 02:15 - Presidente da Comissão / Designar Relator","11","11"
"PL 1362/2025","ALTERA A LEI Nº. 14.485, DE 19 DE JULHO DE 2007, COM A FINALIDADE DE INCLUIR NO CALENDÁRIO OFICIAL DE EVENTOS DA CIDADE DE SÃO PAULO O PRÊMIO ARCANJO, E DÁ OUTRAS PROVIDÊNCIAS.","Ver. EDIR SALES (PSD)","","21/05/2026 17:59:00 - FIN  (Recebido de EDUC)","21/05/2026 05:59 - Presidente da Comissão / Designar Relator","2","2"
"PL 1360/2025","ALTERA A LEI Nº 14.485, DE 19 DE JULHO DE 2007, PARA INCLUIR NO CALENDÁRIO OFICIAL DE EVENTOS DA CIDADE DE SÃO PAULO O “ROMARIA DE PARELHEIROS AO PENTEADO” NO MUNICÍPIO DE SÃO PAULO E DÁ OUTRAS PROVIDÊNCIAS.","Ver. MARCELO MESSIAS (MDB)","","21/05/2026 17:59:00 - FIN  (Recebido de EDUC)","21/05/2026 05:59 - Presidente da Comissão / Designar Relator","2","2"
"PL 1359/2025","ALTERA A LEI Nº 14.485, DE 19 DE JULHO DE 2007, COM A FINALIDADE DE INCLUIR NO CALENDÁRIO OFICIAL DE EVENTOS DA CIDADE DE SÃO PAULO O “DIA DO AUXILIAR EM SAÚDE BUCAL” NO MUNICÍPIO DE SÃO PAULO E DÁ OUTRAS PROVIDÊNCIAS.","Ver. MARCELO MESSIAS (MDB)","","21/05/2026 17:59:00 - FIN  (Recebido de EDUC)","21/05/2026 05:59 - Presidente da Comissão / Designar Relator","2","2"
"PL 1288/2025","ALTERA A LEI Nº 14.485, DE 19 DE JULHO DE 2007 PARA INCLUIR NO CALENDÁRIO DE EVENTOS DA CIDADE DE SÃO PAULO, A “SEMANA MUNICIPAL DE CONSCIENTIZAÇÃO SOBRE OS DIREITOS E OS BONS-TRATOS ANIMAIS” E DÁ OUTRAS PROVIDÊNCIAS.","Ver. DR. MURILLO LIMA (PP)","","21/05/2026 17:59:00 - FIN  (Recebido de EDUC)","21/05/2026 05:59 - Presidente da Comissão / Designar Relator","2","2"
"PL 1235/2025","ALTERA A LEI Nº 14.481, DE 12 DE JULHO DE 2007, QUE DISPÕE SOBRE A RESERVA DE VAGAS EM ESTACIONAMENTOS PARA IDOSOS, PARA ESPECIFICAR A OBRIGATORIEDADE EM EVENTOS TEMPORÁRIOS","Ver. GABRIEL ABREU (PODE)","","21/05/2026 14:31:00 - FIN  (Recebido de SAUDE)","21/05/2026 02:31 - Presidente da Comissão / Designar Relator","2","2"
"PL 1135/2025","DISPÕE SOBRE A OBRIGATORIEDADE DE IDENTIFICAÇÃO VISÍVEL DOS MOTORISTAS EM VEÍCULOS DE TRANSPORTE POR APLICATIVO NO MUNICÍPIO DE SÃO PAULO E DÁ OUTRAS PROVIDÊNCIAS.","Ver. RUTE COSTA (PL)","","11/05/2026 10:51:00 - FIN  (Recebido de ECON)","11/05/2026 10:51 - Presidente da Comissão / Designar Relator","12","12"
"PL 996/2025","ALTERA A LEI N° 14.485, DE 19 DE JULHO DE 2007, PARA INCLUIR NO CALENDÁRIO OFICIAL DO MUNICÍPIO DE SÃO PAULO, O ""MÊS DO FEVEREIRO LARANJA E ROXO"", A SER COMEMORADO ANUALMENTE NO MÊS DE FEVEREIRO.","Ver. AMANDA PASCHOAL (PSOL)Ver. PROFESSOR TONINHO VESPOLI (PSOL)","Ver. KEIT LIMA (PSOL)","20/03/2026 11:47:00 - FIN  (Recebido de EDUC)","14/05/2026 03:54 - Relator(a) / Estudo para manifestação do relator","64","9"
"PL 980/2025","ALTERA A LEI Nº 14.485, DE 19 DE JULHO DE 2007, COM A FINALIDADE DE INCLUIR NO CALENDÁRIO OFICIAL DE EVENTOS DA CIDADE DE SÃO PAULO O ‘DIA DO ANIVERSÁRIO DO BAIRRO VARGINHA’ NO MUNICÍPIO DE SÃO PAULO E DÁ OUTRAS PROVIDÊNCIAS.","Ver. MARCELO MESSIAS (MDB)Ver. SILVÃO LEITE (UNIÃO)","Ver. ANDRÉ SANTOS (REPUBLICANOS)","20/03/2026 11:49:00 - FIN  (Recebido de EDUC)","30/04/2026 04:30 - Relator(a) / Estudo para manifestação do relator","64","23"
"PL 979/2025","ALTERA A LEI Nº 14.485, DE 19 DE JULHO DE 2007, COM A FINALIDADE DE INCLUIR NO CALENDÁRIO OFICIAL DE EVENTOS DA CIDADE DE SÃO PAULO O “DIA DO BAIRRO JARDIM ICARAÍ” NO MUNICÍPIO DE SÃO PAULO E DÁ OUTRAS PROVIDÊNCIAS.","Ver. MARCELO MESSIAS (MDB)Ver. SILVÃO LEITE (UNIÃO)","Ver. GILBERTO NASCIMENTO (PL)","02/02/2026 13:55:00 - FIN  (Recebido de EDUC)","07/05/2026 04:59 - Relator(a) / Estudo para manifestação do relator","110","16"
"PL 977/2025","INCLUIR NO CALENDÁRIO OFICIAL DO MUNICÍPIO DE SÃO PAULO O “DIA DO ENCONTRO MUNICIPAL DOS GRÊMIOS ESTUDANTIS” E DÁ OUTRAS PROVIDÊNCIAS.","Ver. MARCELO MESSIAS (MDB)","","21/05/2026 17:59:00 - FIN  (Recebido de EDUC)","21/05/2026 05:59 - Presidente da Comissão / Designar Relator","2","2"
"PL 966/2025","ALTERA A LEI Nº 14.485, DE 19 DE JULHO DE 2007, PARA INCLUIR NO CALENDÁRIO DE EVENTOS DA CIDADE DE SÃO PAULO, A “QUERMESSE NA PRAÇA” DA PARÓQUIA SÃO LUÍS GONZAGA, A SER CELEBRADA ANUALMENTE NOS FINAIS DE SEMANA DO MÊS DE JUNHO E DÁ OUTRAS PROVIDÊNCIAS.","Ver. ELISEU GABRIEL (PSB)","Ver. KEIT LIMA (PSOL)","20/03/2026 11:50:00 - FIN  (Recebido de EDUC)","29/04/2026 03:45 - Relator(a) / Assinar Relatório","64","24"
"PL 945/2025","ALTERA A LEI 14.485, DE 19 DE JULHO DE 2007, COM A FINALIDADE DE INCLUIR NO CALENDÁRIO  OFICIAL DE EVENTOS DA CIDADE DE SÃO PAULO O ANIVERSÁRIO DO PARQUE DO POVO E O DIA DO FESTIVAL MUSIC IN THE PARK PARQUE DO POVO NO MUNICÍPIO DE SÃO PAULO E DÁ OUTRAS PROVIDÊNCIAS.","Ver. LUCAS PAVANATO (PL)","Ver. KEIT LIMA (PSOL)","23/04/2026 16:04:00 - FIN  (Recebido de EDUC)","29/04/2026 05:41 - Consultoria (CTEO.1) / Para análise","30","24"
"PL 901/2025","ALTERA A LEI MUNICIPAL Nº 14.485, DE 19 DE JULHO DE 2007, PARA INCLUIR O DIA DO JIPE SOLIDÁRIO, A SER COMEMORADO ANUALMENTE NO DIA 31 DE MAIO, E DÁ OUTRAS PROVIDÊNCIAS.","Ver. ISAC FÉLIX (PL)","Ver. GILBERTO NASCIMENTO (PL)","19/12/2025 13:17:00 - FIN  (Recebido de EDUC)","16/04/2026 03:03 - Relator(a) / Estudo para manifestação do relator","155","37"
"PL 894/2025","ALTERA A LEI Nº. 14.485, DE 19 DE JULHO DE 2007, COM A FINALIDADE DE INCLUIR NO CALENDÁRIO OFICIAL DE EVENTOS DA CIDADE DE SÃO PAULO O DIA DO FLASHBACK E FLASH HOUSE, E DÁ OUTRAS PROVIDÊNCIAS.","Ver. EDIR SALES (PSD)","Ver. GILBERTO NASCIMENTO (PL)","13/04/2026 14:58:00 - FIN  (Recebido de EDUC)","27/04/2026 04:40 - Consultoria (CTEO.1) / Para análise","40","26"
"PL 857/2025","ALTERA A LEI Nº 14.485, DE 19 DE JULHO DE 2007, PARA INCLUIR “O DIA DO PERITO JUDICIAL”, NO CALENDÁRIO DE EVENTOS DO MUNICÍPIO DE SÃO PAULO, E DÁ OUTRAS PROVIDÊNCIAS.","Ver. RUTE COSTA (PL)","Ver. MAJOR PALUMBO (PP)","19/12/2025 13:17:00 - FIN  (Recebido de EDUC)","06/04/2026 02:26 - Consultoria (CTEO.1) / Para análise","155","47"
"PL 847/2025","ALTERA A LEI Nº 14.485, DE 19 DE JULHO DE 2007, COM A FINALIDADE DE INCLUIR NO CALENDÁRIO OFICIAL DE EVENTOS DA CIDADE DE SÃO PAULO O “DIA DO ANIVERSÁRIO DO BAIRRO CANTINHO DO CÉU” NO MUNICÍPIO DE SÃO PAULO E DÁ OUTRAS PROVIDÊNCIAS.","Ver. MARCELO MESSIAS (MDB)Ver. SILVÃO LEITE (UNIÃO)","Ver. ANA CAROLINA OLIVEIRA (PODE)","02/02/2026 13:55:00 - FIN  (Recebido de EDUC)","06/04/2026 02:26 - Consultoria (CTEO.1) / Para análise","110","47"
"PL 844/2025","ALTERA A LEI Nº 14.485, DE 19 DE JULHO DE 2007, PARA INCLUIR NO CALENDÁRIO OFICIAL DE EVENTOS DA CIDADE DE SÃO PAULO A SEMANA MUNICIPAL DA INCLUSÃO DIGITAL DA PESSOA IDOSA, A SER REALIZADA ANUALMENTE NA PRIMEIRA SEMANA DE OUTUBRO.","Ver. ANDRÉ SANTOS (REPUBLICANOS)","Ver. MAJOR PALUMBO (PP)","13/04/2026 14:58:00 - FIN  (Recebido de EDUC)","29/04/2026 05:41 - Consultoria (CTEO.1) / Para análise","40","24"
"PL 836/2025","INSTITUI A CAMPANHA MUNICIPAL DE PROMOÇÃO DE BOA CONVIVÊNCIA FAMILIAR E COMUNITÁRIA, COM BASE NOS DIREITOS E DEVERES DO ADOLESCENTE, E DÁ OUTRAS PROVIDÊNCIAS.","Ver. ANA CAROLINA OLIVEIRA (PODE)","","22/05/2026 14:59:06 - FIN  (Pendente recebimento de SAUDE)","","Encaminhado","2"
"PL 827/2025","INSTITUI NO MUNICÍPIO DE SÃO PAULO O CORDÃO DE FITA COM DESENHO DE MÃOS COLORIDAS SOBREPOSTAS POR UMA SILHUETA HUMANA COMO SÍMBOLO DE IDENTIFICAÇÃO DE PESSOAS COM DOENÇAS RARAS, E DÁ OUTRAS PROVIDÊNCIAS.","Ver. RICARDO TEIXEIRA (UNIÃO)","Ver. ANA CAROLINA OLIVEIRA (PODE)","23/04/2026 16:04:00 - FIN  (Recebido de SAUDE)","29/04/2026 05:41 - Consultoria (CTEO.1) / Para análise","30","24"
"PL 797/2025","ALTERA A LEI Nº 14.485, DE 19 DE JULHO DE 2007, PARA INCLUIR NO CALENDÁRIO OFICIAL DE EVENTOS DA CIDADE DE SÃO PAULO O DIA DA MARCHA PRÓ-VIDA E DÁ OUTRAS PROVIDÊNCIAS.”","Ver. AMANDA VETTORAZZO (UNIÃO)","Ver. GILBERTO NASCIMENTO (PL)","07/04/2026 18:44:00 - FIN  (Recebido de EDUC)","07/04/2026 06:44 - Presidente da Comissão / Designar Relator","46","46"
"PL 714/2025","ALTERA A LEI N°. 14.485 DE 19 DE JULHO DE 2007, PARA INCLUIR NO CALENDÁRIO OFICIAL DA CIDADE DE SÃO PAULO O DIA MUNICIPAL DO ASSESSOR PARLAMENTAR","Ver. SANSÃO PEREIRA (REPUBLICANOS)","Ver. SILVINHO LEITE (UNIÃO)","13/04/2026 14:58:00 - FIN  (Recebido de EDUC)","21/05/2026 05:18 - Consultoria (CTEO.1) / Elaborar Minuta de Relatório","40","2"
"PL 713/2025","ALTERA A LEI Nº 14.485, DE 19 DE JULHO DE 2007, COM A FINALIDADE DE INCLUIR NO CALENDÁRIO OFICIAL DE EVENTOS DA CIDADE DE SÃO PAULO O “DIA DO TEABRAÇO” NO MUNICÍPIO DE SÃO PAULO E DÁ OUTRAS PROVIDÊNCIAS.","Ver. MARCELO MESSIAS (MDB)","Ver. SILVINHO LEITE (UNIÃO)","19/12/2025 13:17:00 - FIN  (Recebido de EDUC)","08/04/2026 10:18 - Consultoria (CTEO.1) / Para análise","155","45"
"PL 621/2025","DECLARA A CIA. MUNGUNZÁ DE TEATRO COMO PATRIMÔNIO CULTURAL IMATERIAL DO MUNICÍPIO DE SÃO PAULO.","Ver. CELSO GIANNAZI (PSOL)","Ver. KEIT LIMA (PSOL)","20/10/2025 14:52:00 - FIN  (Recebido de EDUC)","29/04/2026 03:51 - Relator(a) / Assinar Relatório","215","24"
"PL 575/2025","DISPÕE SOBRE A CRIAÇÃO DO PROGRAMA DE CONSCIENTIZAÇÃO E PREVENÇÃO AOS RISCOS DOS JOGOS DE APOSTAS ONLINE PARA IDOSOS.","Ver. SARGENTO NANTES (PP)","Ver. MARCELO MESSIAS (MDB)","23/04/2026 16:04:00 - FIN  (Recebido de SAUDE)","29/04/2026 05:41 - Consultoria (CTEO.1) / Para análise","30","24"
"PL 565/2025","ALTERA A LEI Nº 18.210, DE 26 DE DEZEMBRO DE 2024, PARA INSERIR NA EXECUÇÃO DO PROGRAMA DE SEGURANÇA ALIMENTAR E NUTRICIONAL NO MUNICÍPIO DE SÃO PAULO A PRIORIDADE DA POPULAÇÃO PORTADORA DE DIABETES MELLITUS NO PROGRAMA CIDADE SOLIDÁRIA.","Ver. THAMMY MIRANDA (PSD)Ver. SILVINHO LEITE (UNIÃO)","","22/05/2026 14:59:07 - FIN  (Pendente recebimento de SAUDE)","","Encaminhado","2"
"PL 542/2025","ALTERA A LEI Nº 14.485, DE 19 DE JULHO DE 2007, PARA INCLUIR NO CALENDÁRIO DE EVENTOS DA CIDADE DE SÃO PAULO, A ""SEMANA MUNICIPAL DE COMBATE AO ABANDONO ESCOLAR NA ADOLESCÊNCIA"".","Ver. ANDRÉ SANTOS (REPUBLICANOS)","","21/05/2026 17:59:00 - FIN  (Recebido de EDUC)","21/05/2026 05:59 - Presidente da Comissão / Designar Relator","2","2"
"PL 519/2025","DISPÕE SOBRE A PROIBIÇÃO DA EXIGÊNCIA DO FORNECIMENTO DO NÚMERO DO CADASTRO DE PESSOAS FÍSICAS - CPF PARA A CONCESSÃO DE DESCONTOS EM FARMÁCIAS E DROGARIAS NO MUNICÍPIO DE SÃO PAULO, E DÁ OUTRAS PROVIDÊNCIAS.","Ver. PROFESSOR TONINHO VESPOLI (PSOL)","Ver. KEIT LIMA (PSOL)","16/12/2025 11:50:00 - FIN  (Recebido de ECON)","16/04/2026 03:05 - Relator(a) / Estudo para manifestação do relator","158","37"
"PL 472/2025","ALTERA A LEI Nº 14.485, DE 19 DE JULHO DE 2007, PARA INCLUIR O DIA DA IDENTIDADE ARMÊNIA E DOS CRISTÃOS ARMÊNIOS, NO CALENDÁRIO DE EVENTOS DO MUNICÍPIO DE SÃO PAULO, E DÁ OUTRAS PROVIDÊNCIAS.","Ver. SONAIRA FERNANDES (PL)","Ver. MAJOR PALUMBO (PP)","19/12/2025 13:17:00 - FIN  (Recebido de EDUC)","14/05/2026 04:00 - Relator(a) / Estudo para manifestação do relator","155","9"
"PL 460/2025","INSERE O PARÁGRAFO 1º NO ARTIGO 34 DA LEI Nº 15.764 DE 27 DE MAIO DE 2013 DO MUNICÍPIO DE SÃO PAULO TORNANDO OBRIGATÓRIA A PRESENÇA DOS SUBPREFEITOS/SUBPREFEITAS OU CHEFIAS DE GABINETE NAS REUNIÕES DO CONSELHO PARTICIPATIVO MUNICIPAL.","Ver. ALESSANDRO GUEDES (PT)","Ver. KEIT LIMA (PSOL)","28/11/2025 18:08:00 - FIN  (Recebido de ADM)","16/04/2026 02:38 - Relator(a) / Estudo para manifestação do relator","176","37"
"PL 458/2025","ALTERA A LEI MUNICIPAL Nº 14.485, DE 19 DE JULHO DE 2007, PARA INCLUIR O DIA DA IMIGRAÇÃO TAIWANESA, A SER COMEMORADO ANUALMENTE NO DIA 25 DE AGOSTO, E DÁ OUTRAS PROVIDÊNCIAS.","Ver. ISAC FÉLIX (PL)","Ver. ANA CAROLINA OLIVEIRA (PODE)","08/09/2025 18:07:00 - FIN  (Recebido de EDUC)","08/10/2025 03:44 - Relator(a) / Estudo para manifestação do relator","257","227"
"PL 438/2025","INSTITUI A POLÍTICA MUNICIPAL DE CUIDADO MENSTRUAL E REPRODUTIVO DA PESSOA COM DEFICIÊNCIA.","Ver. SIMONE GANEM (PODE)","Ver. GILBERTO NASCIMENTO (PL)","23/04/2026 16:04:00 - FIN  (Recebido de SAUDE)","29/04/2026 05:41 - Consultoria (CTEO.1) / Para análise","30","24"
"PL 437/2025","ALTERA A LEI Nº 14.485 DE 19 DE JULHO DE 2007, PARA INCLUIR NO CALENDÁRIO DE EVENTOS DA CIDADE DE SÃO PAULO O DIA DA PROCISSÃO E DA MISSA DO DOMINGO DE RAMOS DA PARÓQUIA JOSÉ OPERÁRIO E DA PARÓQUIA SANTO AGOSTINHO A SER REALIZADO ANUALMENTE NO DOMINGO QUE ANTECEDE AO DOMINGO DE PÁSCOA, E DÁ OUTRAS PROVIDÊNCIAS.","Ver. DRA. SANDRA TADEU (PL)","Ver. GILBERTO NASCIMENTO (PL)","19/12/2025 13:17:00 - FIN  (Recebido de EDUC)","30/04/2026 04:23 - Relator(a) / Estudo para manifestação do relator","155","23"
"PL 422/2025","ALTERA A LEI Nº 16.694, DE 11 DE AGOSTO DE 2017, PARA ATUALIZAR EM UNIDADES FISCAIS DO ESTADO DE SÃO PAULO (UFESP) O VALOR DA INDENIZAÇÃO EM CASO DE MORTE OU INCAPACIDADE PERMANENTE DE INTEGRANTE DA GUARDA CIVIL METROPOLITANA E ESTABELECER O LIMITE MÍNIMO DE 50% DO VALOR MÁXIMO PARA ESSA INDENIZAÇÃO.","Ver. AMANDA VETTORAZZO (UNIÃO)","Ver. MAJOR PALUMBO (PP)","17/04/2026 17:50:00 - FIN  (Recebido de ADM)","29/04/2026 05:41 - Consultoria (CTEO.1) / Para análise","36","24"
"PL 408/2025","INSTITUI “O DIA DE SOLIDARIEDADE ÀS MÃES ATÍPICAS”, DETERMINANDO AOS COMÉRCIOS DO MUNICÍPIO DE SÃO PAULO, A SUSPENÇÃO DA EMISSÃO DE SOM, UMA VEZ POR SEMANA,  PARA QUE AS MÃES ATÍPICAS POSSAM REALIZAR SUAS COMPRAS JUNTAMENTE AOS SEUS FILHOS COM TRANSTORNO DO ESPECTRO AUTISTA – TEA, PROMOVENDO UM AMBIENTE MAIS ACESSÍVEL E INCLUSIVO, E DÁ OUTRAS PROVIDÊNCIAS.","Ver. RUTE COSTA (PL)Ver. SILVINHO LEITE (UNIÃO)Ver. SILVÃO LEITE (UNIÃO)Ver. PROFESSOR TONINHO VESPOLI (PSOL)","","22/05/2026 14:59:08 - FIN  (Pendente recebimento de SAUDE)","","Encaminhado","2"
"PL 402/2025","INSTITUI O SISTEMA DE ALERTA MUNICIPAL DE CRIANÇAS E ADOLESCENTES DESAPARECIDOS, POR MEIO DE ENVIO DE MENSAGENS AOS USUÁRIOS DE TELEFONES CELULARES, NO ÂMBITO DO MUNICÍPIO DE SÃO PAULO.","Ver. HÉLIO RODRIGUES (PT)","Ver. KEIT LIMA (PSOL)","23/04/2026 16:03:00 - FIN  (Recebido de SAUDE)","29/04/2026 05:41 - Consultoria (CTEO.1) / Para análise","30","24"
"PL 396/2025","DISPÕE SOBRE A DISPONIBILIZAÇÃO DE ACESSO GRATUITO À INTERNET VIA REDE WI-FI NAS UNIDADES BÁSICAS DE SAÚDE (UBSS), ASSISTÊNCIAS MÉDICAS AMBULATORIAIS (AMAS), HOSPITAIS MUNICIPAIS, CENTROS DE ATENÇÃO PSICOSSOCIAL (CAPS), UNIDADES DE PRONTO ATENDIMENTO (UPAS) E DEMAIS UNIDADES DE ATENDIMENTO DA REDE  MUNICIPAL DE SAÚDE DE SÃO PAULO, E DÁ OUTRAS PROVIDÊNCIAS.","Ver. PROFESSOR TONINHO VESPOLI (PSOL)","","11/05/2026 10:54:00 - FIN  (Recebido de ADM)","11/05/2026 10:54 - Presidente da Comissão / Designar Relator","12","12"
"PL 388/2025","ALTERA A LEI Nº 14.485 DE 19 DE JULHO DE 2007, PARA INCLUIR NO CALENDÁRIO DE EVENTOS DA CIDADE DE SÃO PAULO, A SEMANA MUNICIPAL DA MENOPAUSA FELIZ, A SER COMEMORADA ANUALMENTE NA SEMANA DO DIA 18 DE OUTUBRO E DÁ OUTRAS PROVIDÊNCIAS.","Ver. DRA. SANDRA TADEU (PL)Ver. THAMMY MIRANDA (PSD)","Ver. ANA CAROLINA OLIVEIRA (PODE)","13/08/2025 17:57:00 - FIN  (Recebido de EDUC)","27/11/2025 04:33 - Relator(a) / Estudo para manifestação do relator","283","177"
"PL 387/2025","ALTERA A LEI Nº 14.485 DE 19 DE JULHO DE 2007, PARA INCLUIR NO CALENDÁRIO DE EVENTOS DA CIDADE DE SÃO PAULO, O DIA MUNICIPAL DA MULHER NA INDUSTRIA E DÁ OUTRAS PROVIDÊNCIAS.","Ver. DRA. SANDRA TADEU (PL)Ver. ANDRÉ SANTOS (REPUBLICANOS)","Ver. ANA CAROLINA OLIVEIRA (PODE)","29/09/2025 15:56:00 - FIN  (Recebido de EDUC)","09/04/2026 11:20 - Relator(a) / Estudo para manifestação do relator","236","44"
"PL 334/2025","ALTERA A LEI 14.485, DE 19 DE JULHO DE 2007, COM A FINALIDADE DE INCLUIR NO CALENDÁRIO OFICIAL DE EVENTOS DA CIDADE DE SÃO PAULO O “DIA DA LIBERDADE DE EXPRESSÃO” NO MUNICÍPIO DE SÃO PAULO E DÁ OUTRAS PROVIDÊNCIAS.","Ver. LUCAS PAVANATO (PL)","Ver. KEIT LIMA (PSOL)","08/09/2025 18:09:00 - FIN  (Recebido de EDUC)","08/04/2026 03:34 - Relator(a) / Estudo para manifestação do relator","257","45"
"PL 322/2025","DISPÕE SOBRE A PROIBIÇÃO DO PLANTIO DE ""TODAS AS ESPÉCIES FÍCUS"" NOS LOGRADOUROS PÚBLICOS MUNICIPAIS, E DÁ OUTRAS PROVIDÊNCIAS.","Ver. RICARDO TEIXEIRA (UNIÃO)Ver. SANDRA SANTANA (MDB)Ver. SILVÃO LEITE (UNIÃO)","Ver. GILBERTO NASCIMENTO (PL)","17/04/2026 17:51:00 - FIN  (Recebido de URB)","29/04/2026 05:41 - Consultoria (CTEO.1) / Para análise","36","24"
"PL 298/2025","DISPÕE SOBRE A REGULAMENTAÇÃO PARA DISPONIBILIZAÇÃO E UTILIZAÇÃO DE INSTRUMENTOS DE MENOR POTENCIAL OFENSIVO (ARMA DE CHOQUE), PELO AGENTES MUNICIPAIS DE TRÂNSITO, DANDO AINDA OUTRAS PROVIDÊNCIAS.","Ver. RICARDO TEIXEIRA (UNIÃO)","","21/05/2026 14:46:00 - FIN  (Recebido de ADM)","21/05/2026 02:46 - Presidente da Comissão / Designar Relator","2","2"
"PL 296/2025","ALTERA A LEI Nº 14.485, DE 19 DE JULHO DE 2007, COM A FINALIDADE DE INCLUIR NO CALENDÁRIO OFICIAL DE EVENTOS DA CIDADE DE SÃO PAULO O “DIA DA BIOLOGIA” NO MUNICÍPIO DE SÃO PAULO E DÁ OUTRAS PROVIDÊNCIAS.","Ver. MARCELO MESSIAS (MDB)","Ver. ANDRÉ SANTOS (REPUBLICANOS)","13/04/2026 14:58:00 - FIN  (Recebido de EDUC)","29/04/2026 05:41 - Consultoria (CTEO.1) / Para análise","40","24"
"PL 292/2025","ALTERA A LEI 14.485 DE 19 DE JULHO DE 2007 PARA INCLUIR NO CALENDÁRIO DE EVENTOS DA CIDADE DE SÃO PAULO O DIA DO HERÓI E HEROÍNA DA POLÍCIA MUNICIPAL DA CIDADE DE SÃO PAULO","Ver. SARGENTO NANTES (PP)","Ver. MAJOR PALUMBO (PP)","28/10/2025 12:06:00 - FIN  (Recebido de EDUC)","27/04/2026 10:51 - Secretaria (SGP12) / Retirado de pauta","207","26"
"PL 291/2025","ALTERA A LEI Nº 14.485, DE 19 DE JULHO DE 2007, COM A FINALIDADE DE INCLUIR NO CALENDÁRIO OFICIAL DE EVENTOS DA CIDADE DE SÃO PAULO O “DIA DO RADIOLOGISTA” NO MUNICÍPIO DE SÃO PAULO E DÁ OUTRAS PROVIDÊNCIAS.","Ver. MARCELO MESSIAS (MDB)","","21/05/2026 17:59:00 - FIN  (Recebido de EDUC)","21/05/2026 05:59 - Presidente da Comissão / Designar Relator","2","2"
"PL 290/2025","ALTERA A LEI Nº 14.485, DE 19 DE JULHO DE 2007, COM A FINALIDADE DE INCLUIR NO CALENDÁRIO OFICIAL DE EVENTOS DA CIDADE DE SÃO PAULO O “DIA DA MEDICINA VETERINÁRIA” NO MUNICÍPIO DE SÃO PAULO E DÁ OUTRAS PROVIDÊNCIAS.","Ver. MARCELO MESSIAS (MDB)","Ver. ANA CAROLINA OLIVEIRA (PODE)","29/09/2025 15:56:00 - FIN  (Recebido de EDUC)","16/04/2026 02:47 - Relator(a) / Estudo para manifestação do relator","236","37"
"PL 260/2025","DISPÕE SOBRE A OPÇÃO DE “RETIRADA” NO PROTOCOLO E NA SISTEMATIZAÇÃO DA DISPENSAÇÃO DA FRALDA DESCARTÁVEL, DE CARÁTER SUPLEMENTAR, ÀS PESSOAS COM INCONTINÊNCIA URINÁRIA E/OU FECAL DA SECRETARIA MUNICIPAL DE SAÚDE - SMS.","Ver. SANSÃO PEREIRA (REPUBLICANOS)","Ver. MARCELO MESSIAS (MDB)","23/04/2026 16:03:00 - FIN  (Recebido de SAUDE)","29/04/2026 05:41 - Consultoria (CTEO.1) / Para análise","30","24"
"PL 247/2025","INCLUI NA RELAÇÃO MUNICIPAL DE MEDICAMENTOS (REMUME) PARA DISTRIBUIÇÃO GRATUITA AOS PORTADORES DE DIABETES MELLITUS (TIPO 1 E 2) O MEDIDOR CONTÍNUO DE GLICEMIA.","Ver. ALESSANDRO GUEDES (PT)","Ver. KEIT LIMA (PSOL)","23/04/2026 16:03:00 - FIN  (Recebido de SAUDE)","29/04/2026 05:41 - Consultoria (CTEO.1) / Para análise","30","24"
"PL 220/2025","DISPÕE, NO MUNICÍPIO DE SÃO PAULO, SOBRE O PROGRAMA “OLHO VIVO - INSTALE SUA CÂMERA” E DÁ OUTRAS PROVIDÊNCIAS.","Ver. SARGENTO NANTES (PP)","Ver. KEIT LIMA (PSOL)","02/02/2026 13:55:00 - FIN  (Recebido de ECON)","22/04/2026 05:27 - Relator(a) / Estudo para manifestação do relator","110","31"
"PL 203/2025","DISPÕE AO PODER PÚBLICO A GARANTIA DE ISENÇÃO DO PAGAMENTO DE TAXAS DE INSCRIÇÃO EM CONCURSOS PÚBLICOS, PROCESSOS SELETIVOS MUNICIPAIS E VESTIBULARES PARA AS MULHERES DOADORAS DE LEITE MATERNO.","Ver. RUTE COSTA (PL)Ver. LUCAS PAVANATO (PL)","Ver. ANA CAROLINA OLIVEIRA (PODE)","23/04/2026 16:04:00 - FIN  (Recebido de SAUDE)","05/05/2026 03:31 - Consultoria (CTEO.1) / Para análise","30","18"
"PL 202/2025","DISPÕE AO PODER PÚBLICO A CRIAÇÃO DE UM CANAL DE COMUNICAÇÃO EXCLUSIVO PARA ATENDIMENTO AOS MUNÍCIPES CADASTRADOS NO SERVIÇO “ATENDE+” CONTENDO AS FERRAMENTAS SMS E WHATSAPP E DÁ OUTRAS PROVIDÊNCIAS.","Ver. RUTE COSTA (PL)Ver. SILVINHO LEITE (UNIÃO)","Ver. MARCELO MESSIAS (MDB)","23/04/2026 16:04:00 - FIN  (Recebido de ECON)","05/05/2026 03:31 - Consultoria (CTEO.1) / Para análise","30","18"
"PL 201/2025","INSTITUI O PROGRAMA DE IMPOSTO PREDIAL E TERRITORIAL URBANO – IPTU SUSTENTÁVEL NO MUNICÍPIO DE SÃO PAULO E DÁ OUTRAS PROVIDÊNCIAS.","Ver. CRIS MONTEIRO (NOVO)Ver. SILVINHO LEITE (UNIÃO)","Ver. SONAIRA FERNANDES (PL)","24/03/2026 10:21:00 - FIN  (Recebido de SGP12)","29/04/2026 02:51 - Secretaria (SGP12) / Aguardando Notas Taquigráficas (Audiência realizada)","60","24"
"PL 184/2025","DISPÕE SOBRE A DISPONIBILIZAÇÃO DE CADEIRAS DE RODAS NOS TERMINAIS RODOVIÁRIOS DO MUNICÍPIO DE SÃO PAULO.","Ver. ANDRÉ SANTOS (REPUBLICANOS)","","23/04/2026 16:04:00 - FIN  (Recebido de SAUDE)","23/04/2026 04:04 - Presidente da Comissão / Designar Relator","30","30"
"PL 183/2025","DENOMINA PRAÇA MANUEL RECENA QUEVEDO, A PRAÇA INOMINADA LOCALIZADA NO ENTRONCAMENTO DAS AVENIDAS ENGENHEIRO GEORGE CORBISTER E A AVENIDA GENERAL VALDOMIRO DE LIMA","Ver. MARCELO MESSIAS (MDB)","","12/05/2026 14:17:00 - FIN  (Recebido de EDUC)","12/05/2026 02:17 - Presidente da Comissão / Designar Relator","11","11"
"PL 181/2025","“DISPÕE SOBRE A OBRIGATORIEDADE DA PRESENÇA DE UM TÉCNICO EM SAÚDE BUCAL (TSB) EM TODAS AS UNIDADES BÁSICAS DE SAÚDE (UBS), UNIDADES DE PRONTO ATENDIMENTO (UPAS) E DEMAIS ESTABELECIMENTOS PÚBLICOS DE SAÚDE NO MUNICÍPIO DE SÃO PAULO E DÁ OUTRAS PROVIDÊNCIAS.”","Ver. MARCELO MESSIAS (MDB)","","22/05/2026 14:59:09 - FIN  (Pendente recebimento de SAUDE)","","Encaminhado","2"
"PL 174/2025","ALTERA A LEI Nº 14.485, DE 19 DE JULHO DE 2007, COM A FINALIDADE DE INCLUIR NO CALENDÁRIO OFICIAL DE EVENTOS DA CIDADE DE SÃO PAULO O “DIA DO LOWTON” NO MUNICÍPIO DE SÃO PAULO E DÁ OUTRAS PROVIDÊNCIAS.","Ver. MARCELO MESSIAS (MDB)","Ver. ANA CAROLINA OLIVEIRA (PODE)","13/08/2025 17:57:00 - FIN  (Recebido de EDUC)","08/10/2025 04:01 - Relator(a) / Estudo para manifestação do relator","283","227"
"PL 126/2025","ALTERA A LEI Nº 14.485, DE 19 DE JULHO DE 2007, COM A FINALIDADE DE INCLUIR NO CALENDÁRIO OFICIAL DE EVENTOS DA CIDADE DE SÃO PAULO O “DIA DA FONOAUDIOLOGIA” NO MUNICÍPIO DE SÃO PAULO E DÁ OUTRAS PROVIDÊNCIAS.","Ver. MARCELO MESSIAS (MDB)","Ver. ANDRÉ SANTOS (REPUBLICANOS)","18/09/2025 13:09:00 - FIN  (Recebido de EDUC)","20/05/2026 11:09 - Secretaria (SGP12) / Em Condição de Pauta","247","3"
"PL 122/2025","ALTERA A LEI Nº 14.485, DE 19 DE JULHO DE 2007, COM A FINALIDADE DE INCLUIR NO CALENDÁRIO OFICIAL DE EVENTOS DA CIDADE DE SÃO PAULO O “DIA DO NUTRICIONISTA” NO MUNICÍPIO DE SÃO PAULO E DÁ OUTRAS PROVIDÊNCIAS","Ver. MARCELO MESSIAS (MDB)","Ver. SILVINHO LEITE (UNIÃO)","13/04/2026 14:58:00 - FIN  (Recebido de EDUC)","05/05/2026 03:31 - Consultoria (CTEO.1) / Para análise","40","18"
"PL 118/2025","ALTERA A LEI Nº 14.485, DE 19 DE JULHO DE 2007, COM A FINALIDADE DE INCLUIR NO CALENDÁRIO OFICIAL DE EVENTOS DA CIDADE DE SÃO PAULO O “DIA DO BARBEIRO” NO MUNICÍPIO DE SÃO PAULO E DÁ OUTRAS PROVIDÊNCIAS","Ver. MARCELO MESSIAS (MDB)","","12/05/2026 14:19:00 - FIN  (Recebido de EDUC)","12/05/2026 02:19 - Presidente da Comissão / Designar Relator","11","11"
"PL 116/2025","ALTERA A LEI 14.485, DE 19 DE JULHO DE 2007, COM A FINALIDADE DE INCLUIR NO CALENDÁRIO OFICIAL DE EVENTOS DA CIDADE DE SÃO PAULO O DIA DE COMBATE À CRISTOFOBIA NO MUNICÍPIO DE SÃO PAULO E DÁ OUTRAS PROVIDÊNCIAS.","Ver. LUCAS PAVANATO (PL)","Ver. MARCELO MESSIAS (MDB)","07/04/2026 18:44:00 - FIN  (Recebido de EDUC)","07/04/2026 06:44 - Presidente da Comissão / Designar Relator","46","46"
"PDL 99/2025","CONCEDE A OUTORGA DA MEDALHA ANCHIETA AO PASTOR MOISÉS QUIRINO E DÁ OUTRAS PROVIDÊNCIAS.","Ver. CARLOS BEZERRA JR. (PSD)","Ver. GILBERTO NASCIMENTO (PL)","07/04/2026 18:47:00 - FIN  (Recebido de EDUC)","07/04/2026 06:47 - Presidente da Comissão / Designar Relator","46","46"
"PL 83/2025","DISPÕE SOBRE A REALIZAÇÃO DE EVENTOS INCLUSIVOS VOLTADOS PARA PESSOAS COM AUTISMO, TRANSTORNO DE DÉFICIT DE ATENÇÃO COM HIPERATIVIDADE (TDAH), SÍNDROME DE DOWN E MÃES NEURODIVERGENTES.","Ver. ANDRÉ SANTOS (REPUBLICANOS)Ver. SILVINHO LEITE (UNIÃO)Ver. THAMMY MIRANDA (PSD)","Ver. ANA CAROLINA OLIVEIRA (PODE)","01/04/2026 12:49:00 - FIN  (Recebido de SAUDE)","08/04/2026 04:01 - Consultoria (CTEO.1) / Para análise","52","45"
"PDL 81/2025","DISPÕE SOBRE A OUTORGA DE SALVA DE PRATA EM HOMENAGEM À REVISTA OESTE PELOS RELEVANTES SERVIÇOS PRESTADOS À SOCIEDADE BRASILEIRA NA PROMOÇÃO DA LIBERDADE DE IMPRENSA, DO PENSAMENTO CRÍTICO E DA INFORMAÇÃO QUALIFICADA.","Ver. SONAIRA FERNANDES (PL)","Ver. MAJOR PALUMBO (PP)","19/12/2025 13:17:00 - FIN  (Recebido de EDUC)","19/05/2026 03:23 - Secretaria (SGP12) / Retirado de pauta","155","4"
"PDL 80/2025","DISPÕE SOBRE A OUTORGA DE TÍTULO DE CIDADÃO PAULISTANO AO SENHOR JORGE FERNANDO BAPTISTA SERRÃO.","Ver. SONAIRA FERNANDES (PL)","Ver. MARCELO MESSIAS (MDB)","19/12/2025 13:17:00 - FIN  (Recebido de EDUC)","07/05/2026 05:01 - Relator(a) / Estudo para manifestação do relator","155","16"
"PL 79/2025","DISPÕE SOBRE A PROIBIÇÃO DE COMERCIALIZAÇÃO E O USO DE ESCAPAMENTOS PARA MOTOCICLETAS QUE PRODUZAM RUÍDOS ACIMA DO LIMITE MÁXIMO PERMITIDO, NO ÂMBITO DO MUNICÍPIO DE SÃO PAULO E DÁ OUTRAS PROVIDÊNCIAS.","Ver. JAIR TATTO (PT)Ver. RUBINHO NUNES (UNIÃO)","","23/04/2026 16:03:00 - FIN  (Recebido de ECON)","23/04/2026 04:03 - Presidente da Comissão / Designar Relator","30","30"
"PDL 79/2025","CONCEDE SALVA DE PRATA AO GRÊMIO RECREATIVO E CULTURAL ESCOLA DE SAMBA CAMISA 12, E DÁ OUTRAS PROVIDÊNCIAS.","Ver. MARCELO MESSIAS (MDB)","","12/05/2026 14:20:00 - FIN  (Recebido de EDUC)","12/05/2026 02:20 - Presidente da Comissão / Designar Relator","11","11"
"PL 76/2025","AUTORIZA O PODER EXECUTIVO A EXONERAR SERVIDOR PÚBLICO, EFETIVO OU CARGO EM COMISSÃO, QUE PARTICIPE DE EVENTOS OU MANIFESTAÇÕES QUE APOIEM, INCITEM OU FAÇA APOLOGIA A ATOS QUE CONFIGUREM TERRORISMO OU CRIMES CONTRA A HUMANIDADE NO MUNICIPIO DE SÃO PAULO.","Ver. ADRILLES JORGE (UNIÃO)Ver. RUBINHO NUNES (UNIÃO)","Ver. KEIT LIMA (PSOL)","10/11/2025 11:44:00 - FIN  (Recebido de ADM)","08/04/2026 04:01 - Relator(a) / Estudo para manifestação do relator","194","45"
"PR 68/2025","DISPÕE SOBRE A CRIAÇÃO, NO ÂMBITO DA CÂMARA MUNICIPAL DE SÃO PAULO, DA FRENTE PARLAMENTAR EM DEFESA DA AMPLIAÇÃO E IMPLANTAÇÃO DE CAMPI DA UNIVERSIDADE FEDERAL DE SÃO PAULO - UNIFESP E DO INSTITUTO FEDERAL DE SÃO PAULO - IFSP NA CIDADE DE SÃO PAULO E DÁ OUTRAS PROVIDÊNCIAS.","Ver. LUNA ZARATTINI (PT)Ver. ALESSANDRO GUEDES (PT)Ver. DHEISON SILVA (PT)Ver. HÉLIO RODRIGUES (PT)Ver. JAIR TATTO (PT)Ver. JOÃO ANANIAS (PT)Ver. NABIL BONDUKI (PT)Ver. SENIVAL MOURA (PT)","Ver. KEIT LIMA (PSOL)","28/11/2025 18:17:00 - FIN  (Recebido de ADM)","18/03/2026 03:03 - Relator(a) / Assinar Relatório","176","66"
"PDL 61/2025","CONCEDE TÍTULO DE CIDADÃ PAULISTANA A SRA. OLGA VEL KOS TRAMBUCH.","Ver. SANDRA SANTANA (MDB)","Ver. MARCELO MESSIAS (MDB)","03/12/2025 15:02:00 - FIN  (Recebido de EDUC)","21/05/2026 02:27 - Relator(a) / Assinar Relatório","171","2"
"PR 58/2025","INSTITUI, NO ÂMBITO DA CÂMARA MUNICIPAL DE SÃO PAULO, A FRENTE PARLAMENTAR EM DEFESA DA PAZ SONORA URBANA E DÁ OUTRAS PROVIDÊNCIAS.","Ver. MAJOR PALUMBO (PP)","Ver. ANDRÉ SANTOS (REPUBLICANOS)","13/10/2025 14:45:00 - FIN  (Recebido de ADM)","21/05/2026 04:43 - Secretaria (SGP12) / Retirado de pauta","222","2"
"PR 56/2025","DISPÕE SOBRE A FRENTE PARLAMENTAR EM DEFESA DO ESPORTE E DO FUTEBOL DE VÁRZEA NA CIDADE DE SÃO PAULO.","Ver. ALESSANDRO GUEDES (PT)Ver. FABIO RIVA (MDB)Ver. NABIL BONDUKI (PT)Ver. JANAINA PASCHOAL (PP)Ver. THAMMY MIRANDA (PSD)Ver. PROFESSOR TONINHO VESPOLI (PSOL)Ver. SENIVAL MOURA (PT)Ver. LUANA ALVES (PSOL)Ver. SILVIA DA BANCADA FEMINISTA (PSOL)Ver. SANDRA SANTANA (MDB)Ver. SANSÃO PEREIRA (REPUBLICANOS)Ver. SILVÃO LEITE (UNIÃO)","Ver. ANA CAROLINA OLIVEIRA (PODE)","07/04/2026 18:42:00 - FIN  (Recebido de EDUC)","07/04/2026 06:42 - Presidente da Comissão / Designar Relator","46","46"
"PR 53/2025","ALTERA O CAPUT DO ARTIGO 348 DA RESOLUÇÃO N.º 2, DE 26 DE ABRIL DE 1991 –  REGIMENTO INTERNO DA CÂMARA MUNICIPAL DE SÃO PAULO [DIMINUI O NÚMERO DE ASSINATURAS DE APOIAMENTO PARA O PROTOCOLO DE PROJETOS DE CONCESSÃO DE HONRARIA].","Ver. SANSÃO PEREIRA (REPUBLICANOS)","Ver. ANDRÉ SANTOS (REPUBLICANOS)","06/10/2025 11:08:00 - FIN  (Recebido de ADM)","05/05/2026 05:47 - Consultoria (CTEO.1) / Elaborar Minuta de Relatório","229","18"
"PR 51/2025","DISPÕE SOBRE A CRIAÇÃO DA FRENTE PARLAMENTAR EM DEFESA DOS DIREITOS DO CONSUMIDOR E DA ECONOMIA POPULAR, E DÁ OUTRAS PROVIDÊNCIAS.","Ver. SARGENTO NANTES (PP)Ver. FABIO RIVA (MDB)","Ver. MARCELO MESSIAS (MDB)","02/02/2026 13:55:00 - FIN  (Recebido de ECON)","08/04/2026 10:22 - Consultoria (CTEO.1) / Para análise","110","45"
"PDL 47/2025","CONCEDE A OUTORGA DA MEDALHA ANCHIETA A MARIA ALICE SETÚBAL, E DÁ OUTRAS PROVIDÊNCIAS.","Ver. RICARDO TEIXEIRA (UNIÃO)","Ver. SILVINHO LEITE (UNIÃO)","19/12/2025 13:17:00 - FIN  (Recebido de EDUC)","19/05/2026 03:21 - Secretaria (SGP12) / Retirado de pauta","155","4"
"PR 45/2025","INSTITUI A FRENTE PARLAMENTAR DE APOIO AOS TRANSPORTADORES REGULARES DE RESÍDUOS SÓLIDOS NO MUNICÍPIO SÃO PAULO E DÁ OUTRAS PROVIDÊNCIAS.","Ver. MARCELO MESSIAS (MDB)","","07/05/2026 15:43:37 - FIN  (Pendente recebimento de ADM)","","Encaminhado","23"
"PR 33/2025","INSTITUI A PLATAFORMA DE SUGESTÕES LEGISLATIVAS NA CÂMARA MUNICIPAL DE SÃO PAULO.","Ver. SANSÃO PEREIRA (REPUBLICANOS)","Ver. ANDRÉ SANTOS (REPUBLICANOS)","06/10/2025 11:23:00 - FIN  (Recebido de ADM)","29/04/2026 03:33 - Consultoria (CTEO.1) / Elaborar Minuta de Relatório","229","24"
"PR 30/2025","DISPÕE SOBRE A CRIAÇÃO DA FRENTE PARLAMENTAR EM DEFESA DA COZINHA SOLIDÁRIA","Ver. PROFESSOR TONINHO VESPOLI (PSOL)","Ver. KEIT LIMA (PSOL)","29/10/2025 19:25:00 - FIN  (Recebido de ADM)","18/03/2026 03:08 - Relator(a) / Assinar Relatório","206","66"
"PR 28/2025","INSTITUI A FRENTE PARLAMENTAR DO FÓRUM DOS CONSELHOS DE SAÚDE DA CIDADE SÃO PAULO E DÁ OUTRAS PROVIDÊNCIAS","Ver. MARCELO MESSIAS (MDB)","","23/04/2026 16:28:00 - FIN  (Recebido de SAUDE)","23/04/2026 04:28 - Presidente da Comissão / Designar Relator","30","30"
"PDL 25/2025","DISPÕE SOBRE A OUTORGA DO TÍTULO DE CIDADÃO PAULISTANO AO SR. PAULO MAXIMIANO JUNQUEIRA NETO.","Ver. LUCAS PAVANATO (PL)","Ver. MARCELO MESSIAS (MDB)","21/10/2025 11:36:00 - FIN  (Recebido de EDUC)","16/04/2026 02:59 - Relator(a) / Estudo para manifestação do relator","214","37"
"PR 24/2025","DISPÕE SOBRE A CRIAÇÃO DA FRENTE PARLAMENTAR PELA PRIMEIRA INFÂNCIA.","Ver. MARINA BRAGANTE (PSB)","","21/05/2026 14:46:00 - FIN  (Recebido de SAUDE)","21/05/2026 02:46 - Presidente da Comissão / Designar Relator","2","2"
"PR 21/2025","DISPÕE SOBRE A CRIAÇÃO, NO ÂMBITO DA CÂMARA MUNICIPAL DE SÃO PAULO, DA FRENTE PARLAMENTAR EM DEFESA DO “MOVIMENTO DOS ARTISTAS LIVRES”, E DÁ OUTRAS PROVIDÊNCIAS.","Ver. JANAINA PASCHOAL (PP)","Ver. CARLOS BEZERRA JR. (PSD)","29/09/2025 15:56:00 - FIN  (Recebido de ADM)","29/09/2025 03:56 - Presidente da Comissão / Designar Relator","236","236"
"PDL 21/2025","DISPÕE SOBRE OUTORGA DE SALVA DE PRATA AO GRUPO ARMADO DE REPRESSÃO A ROUBOS E ASSALTOS (GARRA).","Ver. KENJI ITO (PODE)","Ver. MAJOR PALUMBO (PP)","20/10/2025 15:05:00 - FIN  (Recebido de EDUC)","19/05/2026 03:20 - Secretaria (SGP12) / Retirado de pauta","215","4"
"PR 20/2025","CRIA A FRENTE PARLAMENTAR PRÓ-VIDA DESDE A CONCEPÇÃO.","Ver. SONAIRA FERNANDES (PL)Ver. LUCAS PAVANATO (PL)","","23/04/2026 16:28:00 - FIN  (Recebido de SAUDE)","23/04/2026 04:28 - Presidente da Comissão / Designar Relator","30","30"
"PL 15/2025","DISPÕE SOBRE A DENOMINAÇÃO DA PRAÇA JOSÉ MARIA MARQUES, EM ESPAÇO PÚBLICO INOMINADO, NA RUA BOM JESUS DO MONTE, 467 - JARDIM MARÍLIA, SÃO PAULO - SP, 03579-000 E DÁ OUTRAS PROVIDÊNCIAS.","Ver. ALESSANDRO GUEDES (PT)","","21/05/2026 17:59:00 - FIN  (Recebido de EDUC)","21/05/2026 05:59 - Presidente da Comissão / Designar Relator","2","2"
"PLO 3/2025","ALTERA A LEI ORGÂNICA DO MUNICÍPIO DE SÃO PAULO, PARA ACRESCENTAR OS INCISOS IX E X EM SEU ARTIGO 160, COM A FINALIDADE DE ESTABELECER A LIBERDADE ECONÔMICA NA LEI ORGÂNICA DO MUNICÍPIO.","Ver. AMANDA VETTORAZZO (UNIÃO)Ver. ADRILLES JORGE (UNIÃO)","Ver. KEIT LIMA (PSOL)","08/12/2025 17:45:00 - FIN  (Recebido de ECON)","08/04/2026 04:05 - Consultoria (CTEO.1) / Para análise","166","45"
"PLO 1/2025","INSERE O PARÁGRAFO 3º NO ARTIGO 88 DA LEI ORGÂNICA DO MUNICÍPIO DE SÃO PAULO. [AUTORIZA PATRULHAMENTO OSTENSIVO DA GCM NOS HORÁRIOS E LOCAIS QUE ESPECIFICA]","Ver. ALESSANDRO GUEDES (PT)","Ver. KEIT LIMA (PSOL)","06/10/2025 11:26:00 - FIN  (Recebido de ADM)","16/04/2026 03:01 - Relator(a) / Estudo para manifestação do relator","229","37"
"PL 904/2024","ALTERA A LEI Nº 14.485, DE 19 DE JULHO DE 2007, PARA INCLUIR NO CALENDÁRIO DE EVENTOS DA CIDADE DE SÃO PAULO, O ""DIA MUNICIPAL DO PROFISSIONAL DE ÓRTESES, PRÓTESES E MATERIAIS ESPECIAIS (OPME)"", VISANDO O RECONHECIMENTO DESSES PROFISSIONAIS, A SER CELEBRADO NO DIA 11 DE OUTUBRO.","Ver. SANDRA SANTANA (MDB)","Ver. MARCELO MESSIAS (MDB)","03/02/2026 12:33:00 - FIN  (Recebido de EDUC)","21/05/2026 02:32 - Relator(a) / Assinar Relatório","109","2"
"PL 777/2024","REGULAMENTA O USO DO BRACELETE AZUL PARA PESSOAS DIABÉTICAS NO ÂMBITO DO MUNICÍPIO DE SÃO PAULO.","Ver. JAIR TATTO (PT)Ver. THAMMY MIRANDA (PSD)","Ver. KEIT LIMA (PSOL)","01/04/2026 12:49:00 - FIN  (Recebido de SAUDE)","16/04/2026 03:34 - Relator(a) / Estudo para manifestação do relator","52","37"
"PL 766/2024","DISPÕE SOBRE A GARANTIA DE ACESSO UNIVERSAL E IGUALITÁRIO AOS SERVIÇOS DE SAÚDE NO MUNICÍPIO DE SÃO PAULO, ESTABELECENDO PRAZOS MÁXIMOS PARA A REALIZAÇÃO DE CONSULTAS, EXAMES E PROCEDIMENTOS, EM CONFORMIDADE COM AS DIRETRIZES DA ANS PADRONIZANDO AOS DOS PLANOS PRIVADOS, E DÁ OUTRAS PROVIDÊNCIAS.","Ver. SANSÃO PEREIRA (REPUBLICANOS)Ver. THAMMY MIRANDA (PSD)","","23/04/2026 16:28:00 - FIN  (Recebido de SAUDE)","23/04/2026 04:28 - Presidente da Comissão / Designar Relator","30","30"
"PL 748/2024","DISPÕE SOB A CRIAÇÃO DO PROGRAMA DE CONSCIENTIZAÇÃO DO AUTOEXAME ANUAL PARA PREVENÇÃO E COMBATE AO CÂNCER, DANDO AINDA OUTRAS PROVIDÊNCIAS.","Ver. RICARDO TEIXEIRA (UNIÃO)Ver. THAMMY MIRANDA (PSD)Ver. SILVINHO LEITE (UNIÃO)","","12/09/2025 16:37:00 - FIN  (Recebido de SAUDE)","22/04/2026 04:27 - Presidente da Comissão / Redesignar Relator","253","31"
"PL 722/2024","ALTERA A LEI Nº 14.485, DE 19 DE JULHO DE 2007, PARA INCLUIR NO CALENDÁRIO DE DATAS E EVENTOS DA CIDADE DE SÃO PAULO O DIA MUNICIPAL DA QUALIDADE DO AR INTERIOR, A SER COMEMORADO ANUALMENTE NO DIA 14 DE AGOSTO.","Ver. ELISEU GABRIEL (PSB)","Ver. KEIT LIMA (PSOL)","10/06/2025 09:58:00 - FIN  (Recebido de EDUC)","08/04/2026 10:22 - Relator(a) / Estudo para manifestação do relator","347","45"
"PL 700/2024","DISPÕE SOBRE A CRIAÇÃO DO PROGRAMA CRECHE GARANTIDA, E DÁ OUTRAS PROVIDÊNCIAS.","Ver. MARCELO MESSIAS (MDB)Ver. THAMMY MIRANDA (PSD)","Ver. ANA CAROLINA OLIVEIRA (PODE)","15/10/2025 14:53:00 - FIN  (Recebido de ECON)","29/04/2026 02:52 - Secretaria (SGP12) / Aguardando Notas Taquigráficas (Audiência realizada)","220","24"
"PL 684/2024","ALTERA A LEI NO 14.485 DE 19 DE JULHO DE 2007 PARA INCLUIR NO CALENDÁRIO OFICIAL DA CIDADE DE SÃO PAULO A SEMANA MUNICIPAL DE RECONHECIMENTO DO TRABALHO VOLUNTÁRIO RELIGIOSO E SOCIAL NOS PRESÍDIOS.","Ver. SANSÃO PEREIRA (REPUBLICANOS)","Ver. ANDRÉ SANTOS (REPUBLICANOS)","23/05/2025 10:36:00 - FIN  (Recebido de EDUC)","20/05/2026 11:09 - Secretaria (SGP12) / Em Condição de Pauta","365","3"
"PL 653/2024","DISPÕE SOBRE A CRIAÇÃO DE CENTROS DE APOIO FAMILIAR PARA MÃES ATÍPICAS NO MUNICÍPIO DE SÃO PAULO","Ver. SANSÃO PEREIRA (REPUBLICANOS)","Ver. ANA CAROLINA OLIVEIRA (PODE)","25/08/2025 18:57:00 - FIN  (Recebido de SAUDE)","23/10/2025 03:24 - Relator(a) / Estudo para manifestação do relator","271","212"
"PL 623/2024","DISPÕE SOBRE OS ESTABELECIMENTOS PÚBLICOS E PRIVADOS LOCALIZADOS NO MUNICÍPIO DE SÃO PAULO A INSERIREM, NAS PLACAS DE ATENDIMENTO PRIORITÁRIO, O SÍMBOLO MUNDIAL DO AUTISMO, E DÁ OUTRAS PROVIDÊNCIAS","Ver. GILBERTO NASCIMENTO (PL)Ver. ANDRÉ SANTOS (REPUBLICANOS)","","23/04/2026 16:28:00 - FIN  (Recebido de SAUDE)","23/04/2026 04:28 - Presidente da Comissão / Designar Relator","30","30"
"PL 621/2024","DENOMINA RUA HEITOR DANTAS SILVA, O LOGRADOURO PÚBLICO INOMINADO, LOCALIZADO NO BAIRRO JARDIM ÍRIS, ZONA OESTE DE SÃO PAULO.","Ver. ELISEU GABRIEL (PSB)","Ver. SILVINHO LEITE (UNIÃO)","03/12/2025 15:02:00 - FIN  (Recebido de EDUC)","21/05/2026 05:21 - Consultoria (CTEO.1) / Elaborar Minuta de Relatório","171","2"
"PL 587/2024","DISPÕE SOBRE A OBRIGATORIEDADE DE FORNECIMENTO DE CURSO DE CAPACITAÇÃO AOS PROFISSIONAIS BRINQUEDISTAS, ATUANTES NAS BRINQUEDOTECAS DE TODOS OS EQUIPAMENTOS DE ENSINO E DE SAÚDE NO ÂMBITO DO MUNICÍPIO DE SÃO PAULO PARA ATENDIMENTO E INCLUSÃO DAS CRIANÇAS COM TRANSTORNO DO ESPECTRO AUTISTA (TEA) E DÁ OUTRAS PROVIDÊNCIAS.","Ver. RUTE COSTA (PL)","Ver. ANA CAROLINA OLIVEIRA (PODE)","12/09/2025 16:37:00 - FIN  (Recebido de SAUDE)","27/11/2025 03:59 - Relator(a) / Estudo para manifestação do relator","253","177"
"PL 556/2024","INSTITUI A “CAMPANHA IDOSOS ÓRFÃOS DE FILHOS VIVOS”, QUE VISA CONSCIENTIZAR E COMBATER O ABANDONO DE IDOSOS, NO MUNICÍPIO DE SÃO PAULO.","Ver. DR. ADRIANO SANTOS (PT)Ver. JAIR TATTO (PT)","Ver. KEIT LIMA (PSOL)","01/04/2026 12:49:00 - FIN  (Recebido de SAUDE)","07/05/2026 05:08 - Relator(a) / Estudo para manifestação do relator","52","16"
"PL 537/2024","PROÍBE A INCITAÇÃO, A DEFESA OU A APOLOGIA A ATO OU IDEIA REALIZADO POR INDIVÍDUOS OU GRUPOS EXTREMISTAS QUE TENHAM PRATICADO TERRORISMO OU CRIME CONTRA A HUMANIDADE.","Ver. CRIS MONTEIRO (NOVO)","Ver. ANDRÉ SANTOS (REPUBLICANOS)","01/04/2026 12:49:00 - FIN  (Recebido de SAUDE)","08/04/2026 04:05 - Consultoria (CTEO.1) / Para análise","52","45"
"PL 505/2024","DISPÕE DA OBRIGATORIEDADE DE UMA EQUIPE ODONTOLÓGICA NOS CENTROS ESPECIALIZADOS EM REABILITAÇÃO (CER) DO MUNICÍPIO DE SÃO PAULO E DÁ OUTRAS PROVIDÊNCIAS.","Ver. MARCELO MESSIAS (MDB)Ver. SILVINHO LEITE (UNIÃO)","Ver. SILVINHO LEITE (UNIÃO)","12/09/2025 16:37:00 - FIN  (Recebido de SAUDE)","27/04/2026 05:44 - Secretaria (SGP.12) / Aguardando Resposta do Executivo","253","26"
"PL 504/2024","ALTERA A LEI Nº 14.660, DE 26 DE NOVEMBRO DE 2007, PARA ESTABELECER A JORNADA DE TRABALHO DOS PROFESSORES QUE PRESTAM SERVIÇOS NAS ENTIDADES INDIRETAS E PARCEIRAS DO MUNICÍPIO DE SÃO PAULO. [ESTATUTO DOS PROFISSIONAIS DA EDUCAÇÃO MUNICIPAL]","Ver. MARCELO MESSIAS (MDB)Ver. SILVINHO LEITE (UNIÃO)","Ver. ANA CAROLINA OLIVEIRA (PODE)","13/08/2025 17:57:00 - FIN  (Recebido de EDUC)","03/12/2025 06:46 - Relator(a) / Estudo para manifestação do relator","283","171"
"PL 500/2024","DISPÕE SOBRE A DENOMINAÇÃO DE RUA JOÃO AUGUSTO DE OLIVEIRA, A VIELA DOIS, CEP 05527-020, JARDIM CELESTE (ZONA OESTE), SP, DANDO AINDA OUTRAS PROVIDÊNCIAS.","Ver. RICARDO TEIXEIRA (UNIÃO)","Ver. ANA CAROLINA OLIVEIRA (PODE)","22/09/2025 18:09:00 - FIN  (Recebido de EDUC)","27/11/2025 04:41 - Relator(a) / Estudo para manifestação do relator","243","177"
"PL 493/2024","DISPÕE SOBRE A OFERTA DE CAPELOS PARA CABELOS CRESPOS E VOLUMOSOS NAS SOLENIDADES DE FORMATURA EM QUE SE FAÇA O USO DO ACESSÓRIO, REALIZADO NO MUNICÍPIO DE SÃO PAULO, E DÁ OUTRAS PROVIDÊNCIAS","Ver. JAIR TATTO (PT)Ver. KEIT LIMA (PSOL)","Ver. ALESSANDRO GUEDES (PT)","01/04/2026 14:34:00 - FIN  (Recebido de SAUDE)","07/05/2026 05:17 - Relator(a) / Estudo para manifestação do relator","52","16"
"PL 452/2024","INSTITUI A “CARTEIRA DE IDENTIFICAÇÃO DA PESSOA COM PARKINSON – CIPP” COMO INSTRUMENTO AUXILIAR DE ORIENTAÇÃO E IDENTIFICAÇÃO DE PESSOAS DIAGNOSTICADAS COM PARKINSON NA CIDADE DE SÃO PAULO","Ver. GILBERTO NASCIMENTO (PL)","Ver. ANA CAROLINA OLIVEIRA (PODE)","07/04/2026 18:47:00 - FIN  (Recebido de SAUDE)","07/04/2026 06:47 - Presidente da Comissão / Designar Relator","46","46"
"PL 401/2024","DENOMINA UBS JARDIM PERI – DR. OSWALDO PEREIRA GUIMARÃES, O PRÓPRIO QUE ESPECIFICA, E DÁ OUTRAS PROVIDÊNCIAS","Ver. PAULO FRANGE (MDB)","Ver. SILVINHO LEITE (UNIÃO)","20/03/2026 11:52:00 - FIN  (Recebido de EDUC)","21/05/2026 05:22 - Consultoria (CTEO.1) / Elaborar Minuta de Relatório","64","2"
"PL 345/2024","INSTITUI O “PROGRAMA BOLSA AUXÍLIO” PARA ASSEGURAR O AUTOSSUSTENTO E A INSERÇÃO SOCIAL, BEM COMO ACOMPANHAR E APOIAR O PROCESSO DE DESLIGAMENTO DOS ADOLESCENTES E JOVENS EM SITUAÇÃO DE ACOLHIMENTO, E DÁ OUTRAS PROVIDÊNCIAS.","Ver. DR. ADRIANO SANTOS (PT)Ver. JAIR TATTO (PT)","Ver. KEIT LIMA (PSOL)","23/04/2026 16:28:00 - FIN  (Recebido de SAUDE)","29/04/2026 05:58 - Consultoria (CTEO.1) / Para análise","30","24"
"PL 333/2024","ALTERA A LEI Nº. 14.485, DE 19 DE JULHO DE 2007, COM A FINALIDADE DE INCLUIR NO CALENDÁRIO OFICIAL DE EVENTOS DA CIDADE DE SÃO PAULO O DIA DO IMIGRANTE BOLIVIANO, E DÁ OUTRAS PROVIDÊNCIAS.","Ver. EDIR SALES (PSD)","Ver. ANA CAROLINA OLIVEIRA (PODE)","13/03/2025 13:34:00 - FIN  (Recebido de SGP22)","09/04/2025 03:05 - Relator(a) / Estudo para manifestação do relator","436","409"
"PL 324/2024","ALTERA A LEI Nº 14.485, DE 19 DE JULHO DE 2007, PARA INCLUIR NO CALENDÁRIO DE EVENTOS DA CIDADE DE SÃO PAULO A VIRADA DO ALVARÁ LEGAL – A SER REALIZADA ANUALMENTE NO DIA 31 DE OUTUBRO - DIA NACIONAL DA DESBUROCRATIZAÇÃO","Ver. ALESSANDRO GUEDES (PT)","Ver. KEIT LIMA (PSOL)","23/04/2026 16:28:00 - FIN  (Recebido de EDUC)","29/04/2026 05:58 - Consultoria (CTEO.1) / Para análise","30","24"
"PL 307/2024","DISPÕE SOBRE A INSTITUIÇÃO DE OPÇÃO DE ALIMENTAÇÃO VEGANA NOS ESTABELECIMENTOS ASSISTENCIAIS NO MUNICÍPIO DE SÃO PAULO E DÁ OUTRAS PROVIDÊNCIAS.","Ver. DRA. SANDRA TADEU (PL)Ver. KEIT LIMA (PSOL)","Ver. SILVINHO LEITE (UNIÃO)","07/04/2026 18:47:00 - FIN  (Recebido de SAUDE)","07/04/2026 06:47 - Presidente da Comissão / Designar Relator","46","46"
"PL 296/2024","DISPÕE SOBRE A CRIAÇÃO DO BANCO DE DOAÇÃO DE CABELOS NO ÂMBITO DO MUNICÍPIO DE SÃO PAULO E DÁ OUTRAS PROVIDÊNCIAS.","Ver. JAIR TATTO (PT)","Ver. KEIT LIMA (PSOL)","12/09/2025 16:37:00 - FIN  (Recebido de SAUDE)","08/04/2026 04:59 - Relator(a) / Estudo para manifestação do relator","253","45"
"PL 290/2024","DISPÕE SOBRE A DISPONIBILIDADE DE BANHEIROS QUÍMICOS EM EVENTOS ESPORTIVOS EM LOCAIS PÚBLICOS NO MUNICÍPIO DE SÃO PAULO, E DÁ OUTRAS PROVIDÊNCIAS.","Ver. JAIR TATTO (PT)","Ver. KEIT LIMA (PSOL)","13/10/2025 14:45:00 - FIN  (Recebido de SAUDE)","16/04/2026 03:14 - Relator(a) / Estudo para manifestação do relator","222","37"
"PL 285/2024","ALTERA A LEI MUNICIPAL Nº DA LEI Nº 14.471, DE 10 DE JULHO DE  2007,  PARA  DECLARAR  A  CIDADE  DE  GUANGHZOU, LOCALIZADA  NA  PROVÍNCIA  DE  GUANGDONG (CANTÃO), NA 
 REPÚBLICA  POPULAR  DA  CHINA,  COMO  CIDADE  IRMÃ  DA CIDADE DE SÃO PAULO.","Ver. GEORGE HATO (MDB)","","21/05/2026 17:59:00 - FIN  (Recebido de EDUC)","21/05/2026 05:59 - Presidente da Comissão / Designar Relator","2","2"
"PL 279/2024","CRIA O PRÊMIO LITERÁRIO ZIRALDO – LER É MELHOR QUE ESTUDAR NO MUNICÍPIO DE SÃO PAULO.","Ver. PROFESSOR TONINHO VESPOLI (PSOL)","Ver. KEIT LIMA (PSOL)","03/11/2025 10:32:00 - FIN  (Recebido de EDUC)","26/03/2026 04:29 - Relator(a) / Estudo para manifestação do relator","201","58"
"PL 264/2024","INSTITUI O MÊS CARAMELO, DEDICADO AOS CUIDADOS E PREVENÇÃO DE DOENÇAS EM ANIMAIS DE ESTIMAÇÃO, PROMOVENDO CAMPANHAS DE VACINAÇÃO E CONSCIENTIZAÇÃO SOBRE O BEM-ESTAR DOS ANIMAIS, ALTERA O CALENDÁRIO OFICIAL DE EVENTOS DA CIDADE DE SÃO PAULO, LEI Nº 14.485, DE 19 DE JULHO DE 2007.","Ver. RODRIGO GOULART (PSD)Ver. THAMMY MIRANDA (PSD)Ver. SILVINHO LEITE (UNIÃO)","Ver. ANA CAROLINA OLIVEIRA (PODE)","23/04/2026 16:28:00 - FIN  (Recebido de EDUC)","29/04/2026 05:58 - Consultoria (CTEO.1) / Para análise","30","24"
"PL 259/2024","DISPÕE SOBRE A CRIAÇÃO DO PROGRAMA EMPREENDEDORISMO PRATEADO, VISANDO A INSERÇÃO DE PESSOAS IDOSAS NO MERCADO DE TRABALHO, E DÁ OUTRAS PROVIDÊNCIAS.","Ver. ELI CORRÊA (UNIÃO)Ver. GILBERTO NASCIMENTO (PL)Ver. SILVINHO LEITE (UNIÃO)","Ver. ANDRÉ SANTOS (REPUBLICANOS)","13/10/2025 14:45:00 - FIN  (Recebido de SAUDE)","30/04/2026 03:51 - Relator(a) / Estudo para manifestação do relator","222","23"
"PL 195/2024","DISPÕE SOBRE A INSTITUIÇÃO DE CAMPANHA PERMANENTE DE CONSCIENTIZAÇÃO SOBRE A ENTREGA VOLUNTÁRIA DE RECÉM-NASCIDOS PARA ADOÇÃO E DÁ OUTRAS PROVIDÊNCIAS.","Ver. SANDRA SANTANA (MDB)Ver. SILVINHO LEITE (UNIÃO)","","23/04/2026 16:39:00 - FIN  (Recebido de SAUDE)","23/04/2026 04:39 - Presidente da Comissão / Designar Relator","30","30"
"PL 193/2024","INSTITUI O PROGRAMA CASA SEGURA PARA A ADAPTAÇÃO DO AMBIENTE DOMÉSTICO DE PESSOAS IDOSAS E PESSOAS COM DEFICIÊNCIA DE BAIXA RENDA.","Ver. SANDRA SANTANA (MDB)","","22/05/2026 14:59:10 - FIN  (Pendente recebimento de SAUDE)","","Encaminhado","2"
"PL 186/2024","FICA DETERMINADO QUE O EXECUTIVO MUNICIPAL SOMENTE FIRMARÁ CONTRATOS COM EMPRESAS QUE DESTINE 10% DE SUAS VAGAS DE EMPREGO PARA BENEFICIÁRIOS DO PROGRAMA BOLSA FAMÍLIA E DÁ OUTRAS PROVIDÊNCIAS","Ver. PROFESSOR TONINHO VESPOLI (PSOL)","Ver. KEIT LIMA (PSOL)","14/11/2025 11:11:00 - FIN  (Recebido de SAUDE)","29/11/2025 02:39 - Consultoria (CTEO.1) / Para análise","190","175"
"PL 185/2024","DISPÕE SOBRE A REALIZAÇÃO DE CONVÊNIO ENTRE AS CLÍNICAS, NA FORMA QUE ESPECIFICA, PARA ATENDIMENTOS DE PESSOAS COM TRANSTORNO DE ESPECTRO AUTISTA, E DÁ OUTRAS PROVIDÊNCIAS.","Ver. ISAC FÉLIX (PL)Ver. SILVINHO LEITE (UNIÃO)","Ver. ANA CAROLINA OLIVEIRA (PODE)","05/09/2025 12:08:00 - FIN  (Recebido de SAUDE)","27/11/2025 04:09 - Relator(a) / Estudo para manifestação do relator","260","177"
"PL 168/2024","AUTORIZA TRANSFORMAR A PRAÇA DO SABER, LOCALIZADA NA AVENIDA FLORESTAN FERNANDES, NO JARDIM MONTE BELO, DA SUBPREFEITURA DE PERUS-ANHANGUERA, EM PARQUE MUNICIPAL, E DÁ OUTRAS PROVIDÊNCIAS","Ver. FABIO RIVA (MDB)","Ver. ANA CAROLINA OLIVEIRA (PODE)","17/06/2025 16:43:00 - FIN  (Recebido de URB)","22/10/2025 03:26 - Relator(a) / Estudo para manifestação do relator","340","213"
"PL 153/2024","DISPÕE SOBRE A DENOMINAÇÃO DA VIELA MARIA DOLORES PRAZERES, EM ESPAÇO PÚBLICO INOMINADO, NA ALTURA DO Nº 23 DA RUA OLEIROS, VILA CARMOSINA, SÃO PAULO - SP, 08270-050 E DÁ OUTRAS PROVIDÊNCIAS.","Ver. ALESSANDRO GUEDES (PT)","Ver. KEIT LIMA (PSOL)","13/04/2026 14:58:00 - FIN  (Recebido de EDUC)","29/04/2026 05:41 - Consultoria (CTEO.1) / Para análise","40","24"
"PL 113/2024","DISPÕE SOBRE A DISTRIBUIÇÃO GRATUITA NA REDE MUNICIPAL DE SAÚDE, DE REPELENTES DO MOSQUITO AEDES AEGYPTI: PROGRAMA SÃO PAULO SEM DENGUE.","Ver. THAMMY MIRANDA (PSD)","Ver. ANDRÉ SANTOS (REPUBLICANOS)","28/10/2025 12:06:00 - FIN  (Recebido de ADM)","30/04/2026 04:06 - Relator(a) / Estudo para manifestação do relator","207","23"
"PL 110/2024","DISPÕE SOBRE A CONCESSÃO DE USO DA ÁREA PÚBLICA MUNICIPAL SITUADA NO DISTRITO DA SAÚDE, SUBPREFEITURA DA VILA MARIANA, À ASSOCIAÇÃO BRASIL PARKINSON, E DÁ OUTRAS PROVIDÊNCIAS.","Ver. AURÉLIO NOMURA (PSD)Ver. GILBERTO NASCIMENTO (PL)","Ver. SILVINHO LEITE (UNIÃO)","15/12/2025 14:14:00 - FIN  (Recebido de ADM)","08/04/2026 04:59 - Consultoria (CTEO.1) / Para análise","159","45"
"PL 58/2024","INSTITUI, NO MUNÍCIPIO DE SÃO PAULO A OBRIGATORIEDADE DE EXIBIÇÃO DE
 VÍDEOS EDUCATIVOS ANTIDROGAS NAS ABERTURAS DE SHOWS, EVENTOS CULTURAIS E
 SIMILARES NO MUNICÍPIO DE SÃO PAULO, DANDO AINDA OUTRAS PROVIDÊNCIAS.","Ver. RICARDO TEIXEIRA (UNIÃO)","Ver. ANDRÉ SANTOS (REPUBLICANOS)","05/09/2025 12:11:00 - FIN  (Recebido de SAUDE)","20/05/2026 11:09 - Secretaria (SGP12) / Em Condição de Pauta","260","3"
"PL 57/2024","INSTITUI NO MUNÍCIPIO DE SÃO PAULO A NECESSIDADE DA DISTRIBUIÇÃO GRATUITA
 DE SUPLEMENTOS VITAMÍNICOS EM PÓ, SEM SABOR, A MAIORES DE 60 ANOS DE
 IDADE, RESIDENTES NO MUNICÍPIO DE SÃO PAULO.","Ver. RICARDO TEIXEIRA (UNIÃO)","Ver. ANDRÉ SANTOS (REPUBLICANOS)","27/03/2025 16:48:00 - FIN  (Recebido de SAUDE)","14/05/2026 04:10 - Relator(a) / Estudo para manifestação do relator","422","9"
"PR 31/2024","CRIA A FRENTE PARLAMENTAR DE COMBATE AO ANTISSEMITISMO E AO ÓDIO CONTRA ISRAEL.","Ver. SONAIRA FERNANDES (PL)","Ver. SILVINHO LEITE (UNIÃO)","08/09/2025 18:29:00 - FIN  (Recebido de ADM)","17/04/2026 10:14 - Consultoria (CTEO.1) / Elaborar Minuta de Relatório","257","36"
"PL 29/2024","INSTITUI A CAMPANHA DE CONSCIENTIZAÇÃO SOBRE A EPIDERMÓLISE BOLHOSA NO MUNICÍPIO DE SÃO PAULO","Ver. SIDNEY CRUZ (MDB)Ver. SANDRA SANTANA (MDB)","Ver. ANA CAROLINA OLIVEIRA (PODE)","15/08/2025 11:34:00 - FIN  (Recebido de SAUDE)","16/04/2026 02:26 - Relator(a) / Estudo para manifestação do relator","281","37"
"PL 21/2024","DISPÕE SOBRE O ATENDIMENTO DE SAÚDE E PSICOLÓGICO NO QUADRO DA REDE MUNICIPAL DE ENSINO DO MUNICÍPIO DE SÃO PAULO, E DÁ OUTRAS PROVIDÊNCIAS.","Ver. WALDIR JÚNIOR (PSD)Ver. EDIR SALES (PSD)","Ver. ANA CAROLINA OLIVEIRA (PODE)","12/09/2025 16:37:00 - FIN  (Recebido de SAUDE)","15/04/2026 03:51 - Secretaria (SGP12) / Aguardando Notas Taquigráficas (Audiência realizada)","253","38"
"PR 7/2024","ALTERA A RESOLUÇÃO Nº 02, DE 2014, QUE DISPÕE SOBRE A MEDALHA JÂNIO QUADROS E O RESPECTIVO DIPLOMA DA MEDALHA, E DÁ OUTRAS PROVIDÊNCIAS","Ver. EDIR SALES (PSD)","Ver. MARCELO MESSIAS (MDB)","10/06/2025 09:58:00 - FIN  (Recebido de EDUC)","19/03/2026 02:23 - Relator(a) / Estudo para manifestação do relator","347","65"
"PL 788/2023","AUTORIZA O PODER EXECUTIVO A CRIAR O PROGRAMA ""SEGUNDA CARREIRA 60+"" NOS TERMOS EM QUE ESPECIFICA, E DÁ OUTRAS PROVIDÊNCIAS","Ver. GILBERTO NASCIMENTO (PL)","Ver. ANDRÉ SANTOS (REPUBLICANOS)","12/09/2025 16:37:00 - FIN  (Recebido de SAUDE)","21/05/2026 02:43 - Relator(a) / Assinar Pedido de Informação ao Executivo","253","2"
"PL 763/2023","AUTORIZA O EXECUTIVO A INSTITUIR O PROGRAMA DE APOIO ÀS PESSOAS COM DOENÇA DE ALZHEIMER NO ÂMBITO DO MUNICÍPIO DE SÃO PAULO.","Ver. RUTE COSTA (PL)","Ver. MARCELO MESSIAS (MDB)","05/09/2025 12:11:00 - FIN  (Recebido de SAUDE)","08/04/2026 04:42 - Relator(a) / Estudo para manifestação do relator","260","45"
"PL 760/2023","INSTITUI O FORNECIMENTO DE MERENDA ESCOLAR ADAPTADA AOS ESTUDANTES HIPERGLICÊMICOS, HIPOGLICÊMICOS E CELÍACOS DA REDE MUNICIPAL DE SÃO PAULO E DÁ OUTRAS PROVIDÊNCIAS","Ver. RUTE COSTA (PL)Ver. THAMMY MIRANDA (PSD)","Ver. ANA CAROLINA OLIVEIRA (PODE)","15/09/2025 11:13:00 - FIN  (Recebido de SAUDE)","08/04/2026 04:42 - Consultoria (CTEO.1) / Para análise","250","45"
"PL 756/2023","INSTITUI A ALFABETIZAÇÃO EM BRAILLE NAS ESCOLAS DA REDE MUNICIPAL DE ENSINO E DÁ OUTRAS PROVIDÊNCIAS.","Ver. ISAC FÉLIX (PL)","Ver. ANDRÉ SANTOS (REPUBLICANOS)","05/09/2025 12:11:00 - FIN  (Recebido de SAUDE)","01/10/2025 02:06 - Secretaria (SGP12) / Aguardando Notas Taquigráficas (Audiência realizada)","260","234"
"PL 738/2023","AUTORIZA AS AGÊNCIAS DE COMUNICAÇÃO EM CONTRATOS COM A PREFEITURA DE SÃO PAULO A SUBCONTRATAREM PERFIS E CONTAS DIGITAIS DE BAIRROS COM CNPJ QUE VEICULAM NOTÍCIAS DIÁRIAS DE INTERESSE PÚBLICO AO CIDADÃO NA CIDADE DE SÃO PAULO.","Ver. ALESSANDRO GUEDES (PT)","Ver. KEIT LIMA (PSOL)","16/06/2025 16:52:00 - FIN  (Recebido de ADM)","16/04/2026 02:21 - Relator(a) / Estudo para manifestação do relator","341","37"
"PL 730/2023","INSTITUI, NO MUNÍCIPIO DE SÃO PAULO, A NECESSIDADE DA CRIAÇÃO DE UMA LEI PARA IMPLANTAÇÃO DE ESTEIRAS OU ESCADAS ROLANTES NOS ESCADÕES EXISTENTES NOS BAIRROS E COMUNIDADES DO MUNICÍPIO DE SÃO PAULO.","Ver. RICARDO TEIXEIRA (UNIÃO)","Ver. SILVINHO LEITE (UNIÃO)","15/12/2025 14:18:00 - FIN  (Recebido de ADM)","08/04/2026 04:42 - Consultoria (CTEO.1) / Para análise","159","45"
"PL 723/2023","DETERMINA A OBRIGATORIEDADE DE SISTEMA DE ATERRAMENTO NAS NOVAS EDIFICAÇÕES NO MUNICÍPIO DE SÃO PAULO.","Ver. ANDRÉ SANTOS (REPUBLICANOS)","Ver. GILBERTO NASCIMENTO (PL)","17/04/2026 17:50:00 - FIN  (Recebido de URB)","29/04/2026 05:58 - Consultoria (CTEO.1) / Para análise","36","24"
"PL 718/2023","INSTITUI A CAMPANHA “CORAÇÃO DOURADO”, E DÁ OUTRAS PROVIDÊNCIAS","Ver. JAIR TATTO (PT)","Ver. KEIT LIMA (PSOL)","08/08/2025 10:37:00 - FIN  (Recebido de SAUDE)","08/04/2026 04:42 - Relator(a) / Estudo para manifestação do relator","288","45"
"PL 699/2023","INSTITUI, NO MUNICÍPIO DE SÃO PAULO, A CAMPANHA PERMANENTE DE ORIENTAÇÃO, PREVENÇÃO E CONSCIENTIZAÇÃO DA DEPRESSÃO, TRANSTORNO DE ANSIEDADE E SÍNDROME DO PÂNICO.","Ver. RUTE COSTA (PL)","Ver. ANA CAROLINA OLIVEIRA (PODE)","16/05/2025 10:12:00 - FIN  (Recebido de SAUDE)","08/04/2026 04:42 - Relator(a) / Estudo para manifestação do relator","372","45"
"PL 693/2023","INSTITUI, NO MUNÍCIPIO DE SÃO PAULO, A NECESSIDADE DE MAJORAÇÃO DO PERÍODO DE UTILIZAÇÃO DO BILHETE ÚNICO PARA PAGAMENTO DE TARIFAS NO SERVIÇO DE TRANSPORTE COLETIVO PÚBLICO DE PASSAGEIROS NA CIDADE DE SÃO PAULO, JÁ EXISTENTE NOS DIAS ÚTEIS, BEM COMO ALTERAR AOS DOMINGOS E FERIADOS, PASSANDO ESTES A SEREM PERÍODOS DE GRATUIDADE, DANDO OUTRAS PROVIDÊNCIAS.","Ver. RICARDO TEIXEIRA (UNIÃO)Ver. PROFESSOR TONINHO VESPOLI (PSOL)Ver. RENATA FALZONI (PSB)Ver. PAULO FRANGE (MDB)","Ver. SILVINHO LEITE (UNIÃO)","11/08/2025 11:15:00 - FIN  (Recebido de ECON)","26/03/2026 01:11 - Secretaria (SGP12) / Aguardando Informações do Executivo","285","58"
"PL 678/2023","DISPÕE SOBRE A DISTRIBUIÇÃO GRATUITA DE ÁGUA POTÁVEL EM EVENTOS NA CIDADE DE SÃO PAULO.","Ver. LUANA ALVES (PSOL)","Ver. KEIT LIMA (PSOL)","23/04/2026 16:39:00 - FIN  (Recebido de SAUDE)","29/04/2026 05:58 - Consultoria (CTEO.1) / Para análise","30","24"
"PL 660/2023","AUTORIZA A CRIAÇÃO DO POLO CULTURAL GASTRONÔMICO E TURÍSTICO DO BIXIGA, E DÁ OUTRAS PROVIDÊNCIAS.","Ver. SANDRA SANTANA (MDB)","Ver. ANDRÉ SANTOS (REPUBLICANOS)","23/04/2026 16:39:00 - FIN  (Recebido de EDUC)","29/04/2026 05:58 - Consultoria (CTEO.1) / Para análise","30","24"
"PL 602/2023","ALTERA A LEI Nº 16.337, DE 30 DE DEZEMBRO DE 2015, PARA INCLUIR AS PESSOAS COM SÍNDROME DE DOWN OU OUTRAS CORRELATAS ENTRE OS BENEFICIÁRIOS DO SERVIÇO DE ATENDIMENTO ESPECIAL – SERVIÇO ATENDE.","Ver. RODRIGO GOULART (PSD)Ver. THAMMY MIRANDA (PSD)","Ver. ANA CAROLINA OLIVEIRA (PODE)","15/12/2025 14:21:00 - FIN  (Recebido de SAUDE)","22/04/2026 05:30 - Relator(a) / Estudo para manifestação do relator","159","31"
"PL 595/2023","FICA DENOMINADA COMO PRAÇA JOÃO OLIBONI A PRAÇA INOMINADA, QUE FICA NA ALTURA DO NÚMERO 30 DA RUA CATARINA VIEIRA, VILA DALILA, NO DISTRITO DA PENHA- PREFEITURA REGIONAL DA PENHA.","Ver. DRA. SANDRA TADEU (PL)","Ver. ANA CAROLINA OLIVEIRA (PODE)","18/08/2025 10:56:00 - FIN  (Recebido de EDUC)","30/04/2026 03:35 - Relator(a) / Estudo para manifestação do relator","278","23"
"PL 552/2023","ACRESCENTA O § 3º AO ART. 175 DO CAPÍTULO VI DA LEI Nº Nº 8.989, DE 29 DE OUTUBRO DE 1979 (ESTATUTO DO SERVIDOR MUNICIPAL), PARA DISPOR SOBRE ALOCAÇÃO À SERVIDORA PÚBLICA EM SITUAÇÃO DE ASSÉDIO SEXUAL, MORAL, VIOLÊNCIA DOMÉSTICA E FAMILIAR OU QUALQUER SITUAÇÃO QUE IMPUTE VULNERABILIDADE OU RISCO DE VIDA, GARANTINDO ALOCAÇÃO EM OUTRA UNIDADE PARA PRESTAÇÃO DE SERVIÇO, A FIM DE RESGUARDAR SUA INTEGRIDADE FÍSICA E PSICOLÓGICA.","Ver. PROFESSOR TONINHO VESPOLI (PSOL)","Ver. KEIT LIMA (PSOL)","08/08/2025 10:37:00 - FIN  (Recebido de SAUDE)","12/03/2026 03:45 - Relator(a) / Assinar Relatório","288","72"
"PL 542/2023","ESTABELECE A POLÍTICA DE INCENTIVO À DOAÇÃO DE ÓRGÃOS NO MUNICÍPIO DE SÃO PAULO, E DÁ OUTRAS PROVIDÊNCIAS.","Ver. THAMMY MIRANDA (PSD)","Ver. MARCELO MESSIAS (MDB)","16/05/2025 10:12:00 - FIN  (Recebido de SAUDE)","08/04/2026 04:42 - Relator(a) / Estudo para manifestação do relator","372","45"
"PL 533/2023","AUTORIZA O PODER EXECUTIVO A REALIZAR PARCERIAS COM AS INSTITUIÇÕES DE ENSINO PÚBLICO E PRIVADO, PARA A REALIZAÇÃO DE ATIVIDADES FÍSICAS NAS PRAÇAS, E ESPAÇOS PÚBLICOS PARA CRIANÇAS, JOVENS, ADULTOS E IDOSOS.","Ver. RUTE COSTA (PL)","Ver. MAJOR PALUMBO (PP)","10/11/2025 11:44:00 - FIN  (Recebido de SAUDE)","19/05/2026 03:18 - Secretaria (SGP12) / Retirado de pauta","194","4"
"PL 519/2023","DISPÕE SOBRE A PROTEÇÃO DA PESSOA IDOSA NOS PROCEDIMENTOS DE CONTRATAÇÃO DE EMPRÉSTIMO CONSIGNADO, DE CARTÃO DE CRÉDITO CONSIGNADO E DE SERVIÇO CUJO DESCONTO INCIDA SOBRE A FOLHA DE PAGAMENTO.","Ver. RUTE COSTA (PL)","Ver. ANDRÉ SANTOS (REPUBLICANOS)","19/09/2025 15:23:00 - FIN  (Recebido de SAUDE)","20/05/2026 09:23 - Consultoria / Para análise","246","3"
"PL 515/2023","DISPÕE SOBRE A IDENTIFICAÇÃO DOS PONTOS E RESPECTIVAS LINHAS DE ÔNIBUS DO MUNICÍPIO EM BRAILE.","Ver. ANDRÉ SANTOS (REPUBLICANOS)Ver. RUBINHO NUNES (UNIÃO)","Ver. ANA CAROLINA OLIVEIRA (PODE)","15/09/2025 11:18:00 - FIN  (Recebido de SAUDE)","27/11/2025 02:39 - Relator(a) / Estudo para manifestação do relator","250","177"
"PL 513/2023","ESTABELECE O USO DA HASHTAG #PRATODOSVEREM NAS PUBLICAÇÕES ELETRÔNICAS DA ADMINISTRAÇÃO DIRETA E INDIRETA DO MUNICÍPIO DE SÃO PAULO.","Ver. ANDRÉ SANTOS (REPUBLICANOS)Ver. THAMMY MIRANDA (PSD)","Ver. ANA CAROLINA OLIVEIRA (PODE)","08/08/2025 10:37:00 - FIN  (Recebido de SAUDE)","27/11/2025 02:37 - Relator(a) / Estudo para manifestação do relator","288","177"
"PL 493/2023","ALTERA A LEI Nº 17.437, DE 12 DE AGOSTO DE 2020, PARA INCLUIR A MOCHILA COMO ITEM DO UNIFORME ESCOLAR DOS ESTUDANTES MATRICULADOS NA REDE PÚBLICA DO MUNICÍPIO DE SÃO PAULO.","Ver. RODRIGO GOULART (PSD)Ver. THAMMY MIRANDA (PSD)","Ver. ANA CAROLINA OLIVEIRA (PODE)","05/04/2025 06:47:00 - FIN  (Recebido de ADM)","06/08/2025 02:28 - Relator(a) / Estudo para manifestação do relator","413","290"
"PL 490/2023","RECONHECE OS PORTADORES DE FIBROMIALGIA COMO PESSOAS COM DEFICIÊNCIA NO ÂMBITO DO MUNICÍPIO DE SÃO PAULO, INSTITUI A CARTEIRA DE IDENTIFICAÇÃO DA PESSOA COM FIBROMIALGIA E DÁ OUTRAS PROVIDÊNCIAS.","Ver. RODOLFO DESPACHANTE (UNIÃO)Ver. GILBERTO NASCIMENTO (PL)Ver. PROFESSOR TONINHO VESPOLI (PSOL)","Ver. ANA CAROLINA OLIVEIRA (PODE)","08/08/2025 10:37:00 - FIN  (Recebido de SAUDE)","08/04/2026 04:42 - Relator(a) / Estudo para manifestação do relator","288","45"
"PL 482/2023","INSTITUI A POLÍTICA DE ATENÇÃO À ONCOLOGIA PEDIÁTRICA NO ÂMBITO DO MUNICÍPIO DE SÃO PAULO.","Ver. JAIR TATTO (PT)Ver. SANSÃO PEREIRA (REPUBLICANOS)","Ver. SILVINHO LEITE (UNIÃO)","15/12/2025 14:23:00 - FIN  (Recebido de SAUDE)","29/04/2026 02:52 - Secretaria (SGP12) / Aguardando Notas Taquigráficas (Audiência realizada)","159","24"
"PL 443/2023","DISPÕE NO ÂMBITO DO MUNICÍPIO DE SÃO PAULO SOBRE A OBRIGATORIEDADE DE REPRESENTANTES DA ILUMINA NAS REUNIÕES DO CONSEG, E DÁ OUTRAS PROVIDÊNCIAS.","Ver. RICARDO TEIXEIRA (UNIÃO)","Ver. SILVINHO LEITE (UNIÃO)","03/12/2025 15:02:00 - FIN  (Recebido de ADM)","08/04/2026 04:42 - Consultoria (CTEO.1) / Para análise","171","45"
"PL 442/2023","DISPÕE SOBRE A REMOÇÃO E COMPACTAÇÃO DE VEÍCULOS ABANDONADOS EM VIAS PÚBLICAS DO MUNÍCIPIO DE SÃO PAULO E DÁ OUTRAS PROVIDÊNCIAS.","Ver. RUBINHO NUNES (UNIÃO)Ver. SILVINHO LEITE (UNIÃO)","Ver. MARCELO MESSIAS (MDB)","08/09/2025 18:29:00 - FIN  (Recebido de ADM)","11/03/2026 02:36 - Relator(a) / Estudo para manifestação do relator","257","73"
"PL 439/2023","DISPÕE SOBRE NORMAS DE MANUTENÇÃO DE INSTALAÇÕES DE AQUECIMENTO DE ÁGUA EM EDIFICAÇÕES, COM O OBJETIVO DE PREVENIR ACIDENTES QUE PONHAM EM RISCO A SAÚDE E A VIDA DOS MUNÍCIPES OU ACARRETEM DANOS ÀS SUAS PROPRIEDADES E BENS, E DÁ OUTRAS PROVIDÊNCIAS.","Ver. THAMMY MIRANDA (PSD)","Ver. KEIT LIMA (PSOL)","07/04/2026 18:47:00 - FIN  (Recebido de SAUDE)","07/04/2026 06:47 - Presidente da Comissão / Designar Relator","46","46"
"PL 431/2023","DISPÕE SOBRE A IMPLANTAÇÃO DE MICROCHIP, GRATUITAMENTE, EM ANIMAIS DOMÉSTICOS, NA CIDADE DE SÃO PAULO E DÁ OUTRAS PROVIDÊNCIAS.","Ver. RICARDO TEIXEIRA (UNIÃO)Ver. THAMMY MIRANDA (PSD)Ver. SILVINHO LEITE (UNIÃO)","Ver. ANA CAROLINA OLIVEIRA (PODE)","11/08/2025 11:15:00 - FIN  (Recebido de ADM)","27/11/2025 04:44 - Relator(a) / Estudo para manifestação do relator","285","177"
"PL 425/2023","DISPÕE SOBRE NORMAS E CONDUTAS PARA A PROTEÇÃO DE PASSAGEIROS EM SITUAÇÃO DE VULNERABILIDADE DURANTE O TRANSPORTE INDIVIDUAL REMUNERADO DE UTILIDADE PÚBLICA E DÁ OUTRAS PROVIDÊNCIAS.","Ver. THAMMY MIRANDA (PSD)","Ver. MARCELO MESSIAS (MDB)","13/10/2025 14:56:00 - FIN  (Recebido de SAUDE)","09/04/2026 11:33 - Relator(a) / Estudo para manifestação do relator","222","44"
"PL 423/2023","INSTITUI O PROJETO TURISMO PEDAGÓGICO NA REDE PÚBLICA MUNICIPAL DE ENSINO E DÁ OUTRAS PROVIDÊNCIAS.","Ver. RINALDI DIGILIO (UNIÃO)Ver. GILBERTO NASCIMENTO (PL)","Ver. ANA CAROLINA OLIVEIRA (PODE)","20/05/2025 10:39:00 - FIN  (Recebido de SGP22)","21/08/2025 02:44 - Relator(a) / Estudo para manifestação do relator","368","275"
"PL 402/2023","DISPÕE SOBRE A IMPLANTAÇÃO DO PROGRAMA MUNICIPAL DE SEGURANÇA DO PACIENTE (PMSP), NO MUNICÍPIO DE SÃO PAULO.","Ver. AURÉLIO NOMURA (PSD)Ver. GILBERTO NASCIMENTO (PL)","","21/05/2026 14:46:00 - FIN  (Recebido de SAUDE)","21/05/2026 02:46 - Presidente da Comissão / Designar Relator","2","2"
"PL 389/2023","AUTORIZA O EMBARQUE E DESEMBARQUE DE PASSAGEIROS FORA DOS PONTOS DE PARADA OBRIGATÓRIOS, DAS 22H ÀS 5H NA CIDADE DE SÃO PAULO, O CHAMADO PONTO DE ÔNIBUS VIRTUAL, E DÁ OUTRAS PROVIDÊNCIAS.","Ver. RICARDO TEIXEIRA (UNIÃO)Ver. SANDRA SANTANA (MDB)Ver. THAMMY MIRANDA (PSD)","Ver. SILVINHO LEITE (UNIÃO)","16/05/2025 10:12:00 - FIN  (Recebido de ADM)","12/02/2026 01:55 - Consultoria / Para análise","372","100"
"PL 351/2023","AUTORIZA O EXECUTIVO A INCLUIR NO ROL DE EXAMES OBRIGATÓRIOS A SEREM REALIZADOS PELAS GESTANTES ATENDIDAS PELA REDE MUNICIPAL DE SAÚDE A ULTRASSONOGRAFIA TRANSVAGINAL, E DÁ OUTRAS PROVIDÊNCIAS.","Ver. SIDNEY CRUZ (MDB)Ver. THAMMY MIRANDA (PSD)","Ver. ANA CAROLINA OLIVEIRA (PODE)","08/08/2025 10:37:00 - FIN  (Recebido de SAUDE)","22/04/2026 02:56 - Relator(a) / Estudo para manifestação do relator","288","31"
"PL 314/2023","CRIA O PROGRAMA MUNICIPAL DE ANIMAIS PERDIDOS, EM CONDIÇÃO DE ABANDONO OU APTOS PARA ADOÇÃO, VOLTADO À DIVULGAÇÃO DA REDE DE COMPUTAORES, DE FOTOGRAFIAS E INFORMAÇÕES NO ÂMBITO DO MUNICIPIO DE SÃO PAULO.","Ver. JAIR TATTO (PT)Ver. ARSELINO TATTO (PT)","Ver. ALESSANDRO GUEDES (PT)","17/04/2026 17:51:00 - FIN  (Recebido de ADM)","29/04/2026 05:58 - Consultoria (CTEO.1) / Para análise","36","24"
"PL 277/2023","ALTERA A LEI MUNICIPAL N. 14.660 DE 26 DE DEZEMBRO DE 2007 E DÁ OUTRAS PROVIDÊNCIAS. [INSTITUI O CARGO DE SECRETÁRIO DE ESCOLA NAS UNIDADES DE EDUCAÇÃO INFANTIL DA REDE MUNICIPAL DE ENSINO]","Ver. PROFESSOR TONINHO VESPOLI (PSOL)Ver. JOÃO ANANIAS (PT)","Ver. KEIT LIMA (PSOL)","13/03/2025 15:30:00 - FIN  (Recebido de SGP22)","04/12/2025 03:55 - Relator(a) / Assinar Relatório","436","170"
"PL 247/2023","DISPÕE SOBRE NORMAS E PROCEDIMENTOS PARA INCLUSÃO DE CRIANÇA COM DEFICIÊNCIA AUDITIVA NAS ESCOLAS DA REDE PÚBLICA DO MUNICÍPIO DE SÃO PAULO E DÁ OUTRAS PROVIDÊNCIAS.","Ver. RUTE COSTA (PL)","","22/05/2026 14:59:11 - FIN  (Pendente recebimento de SAUDE)","","Encaminhado","2"
"PL 202/2023","REGULAMENTA O SISTEMA DE IDENTIFICAÇÃO PARA O CONTROLE DE ENTRADA E SAÍDA EM UNIDADES DE EDUCAÇÃO DA REDE PÚBLICA DIRETA E PARCEIRA, CRECHES E ESCOLAS, DO MUNICÍPIO DE SÃO PAULO.","Ver. THAMMY MIRANDA (PSD)Ver. JANAÍNA LIMA (PP)","Ver. MAJOR PALUMBO (PP)","08/05/2025 18:23:00 - FIN  (Recebido de EDUC)","14/05/2026 04:07 - Relator(a) / Estudo para manifestação do relator","380","9"
"PL 190/2023","INSTITUI O PROGRAMA DE REDUÇÃO DE DÉBITOS E REGULARIZAÇÃO FISCAL PARA AS SOCIEDADES UNIPROFISSIONAIS DESENQUADRADAS DO REGIME DE RECOLHIMENTO ESPECIAL RELATIVA AO IMPOSTO SOBRE SERVIÇOS DE QUALQUER NATUREZA NO MUNICÍPIO DE SÃO PAULO.","Ver. EDIR SALES (PSD)","Ver. SILVINHO LEITE (UNIÃO)","13/03/2025 15:30:00 - FIN  (Recebido de SGP22)","15/09/2025 06:13 - Secretaria (SGP12) / Aguardando Informações do Executivo","436","250"
"PL 156/2023","AUTORIZA A OZONIOTERAPIA COMO TRATAMENTO DE CARÁTER INTEGRATIVO E COMPLEMENTAR NO MUNICÍPIO DE SÃO PAULO, E DÁ OUTRAS PROVIDÊNCIAS.","Ver. MANOEL DEL RIO (PT)Ver. JAIR TATTO (PT)Ver. MARCELO MESSIAS (MDB)","Ver. ALESSANDRO GUEDES (PT)","03/11/2025 10:32:00 - FIN  (Recebido de SGP22)","30/04/2026 04:09 - Relator(a) / Estudo para manifestação do relator","201","23"
"PL 144/2023","AUTORIZA O PODER EXECUTIVO A IMPLEMENTAR A SEGURANÇA NAS ESCOLAS MUNICIPAIS ATRAVÉS DA GUARDA CIVIL METROPOLITANA (GCM), NO ÂMBITO DO MUNICÍPIO DE SÃO PAULO E DÁ OUTRAS PROVIDÊNCIAS","Ver. RUBINHO NUNES (UNIÃO)Ver. JANAÍNA LIMA (PP)Ver. ELY TERUEL (MDB)","","17/04/2026 17:50:00 - FIN  (Recebido de ADM)","17/04/2026 05:50 - Presidente da Comissão / Designar Relator","36","36"
"PL 125/2023","DISPÕE SOBRE A OBRIGAÇÃO DE PETSHOPS, CLÍNICAS VETERINÁRIAS E ESTABELECIMENTOS CONGÊNERES A FIXAREM CARTAZES QUE FACILITEM E INCENTIVEM A ADOÇÃO DE ANIMAIS E DÁ OUTRAS PROVIDÊNCIAS.","Ver. JAIR TATTO (PT)Ver. ARSELINO TATTO (PT)Ver. SILVINHO LEITE (UNIÃO)","Ver. ALESSANDRO GUEDES (PT)","15/04/2026 15:35:00 - FIN  (Recebido de ECON)","29/04/2026 05:58 - Consultoria (CTEO.1) / Para análise","38","24"
"PL 112/2023","ALTERA A LEI Nº 8.989, DE 29 DE OUTUBRO DE 1979, PARA PROIBIR A NOMEAÇÃO PARA CARGOS PÚBLICOS DE PESSOA  CONDENADA  POR  CRIMES  CONTRA  DIGNIDADE SEXUAL, RACISMO, INJÚRIA RACIAL E LGTBFOBIA.","Ver. GEORGE HATO (MDB)Ver. THAMMY MIRANDA (PSD)","","21/05/2026 14:46:00 - FIN  (Recebido de SAUDE)","21/05/2026 02:46 - Presidente da Comissão / Designar Relator","2","2"
"PDL 81/2023","CONCEDE SALVA DE PRATA PARA O COLÉGIO NOTARIAL DO BRASIL, SEÇÃO SÃO PAULO","Ver. DR. NUNES PEIXEIRO (MDB)Ver. MARCELO MESSIAS (MDB)","Ver. MARCELO MESSIAS (MDB)","19/12/2025 13:17:00 - FIN  (Recebido de SGP22)","07/05/2026 05:21 - Relator(a) / Estudo para manifestação do relator","155","16"
"PL 79/2023","DISPÕE SOBRE A OBRIGATORIEDADE DE AQUISIÇÃO DE MACAS, CAMAS E CADEIRAS DE RODAS DIMENSIONADAS PARA OBESOS POR HOSPITAIS, CLÍNICAS, POSTOS DE SAÚDE E AFINS, PÚBLICOS E PRIVADOS.","Ver. MAJOR PALUMBO (PP)Ver. RUTE COSTA (PL)","Ver. MARCELO MESSIAS (MDB)","13/05/2025 13:39:00 - FIN  (Recebido de SAUDE)","08/04/2026 04:42 - Relator(a) / Estudo para manifestação do relator","375","45"
"PL 67/2023","AUTORIZA O PODER EXECUTIVO A DESTINAR AUTORIZAÇÕES TEMPORÁRIAS PARA O COMÉRCIO NAS VIAS PÚBLICAS A PESSOAS PORTADORES DE DEFICIÊNCIA E
 MOBILIDADE REDUZIDA.","Ver. RUTE COSTA (PL)","Ver. ANDRÉ SANTOS (REPUBLICANOS)","13/03/2025 15:39:00 - FIN  (Recebido de SGP22)","24/02/2026 02:40 - Consultoria / Para análise","436","88"
"PL 58/2023","ALTERA A LEI Nº 17.753, DE 24 DE JANEIRO DE 2022, PARA INCLUIR A ENTRADA GRATUITA PARA ACOMPANHANTES DE PESSOAS COM TRANSTORNO DO ESPECTRO AUTISTA (TEA) E COM SÍNDROME DE DOWN NOS EVENTOS, ESPAÇOS DE CULTURA E LAZER DO MUNICÍPIO DE SÃO PAULO.","Ver. MARCELO MESSIAS (MDB)Ver. CORONEL SALLES (PSD)Ver. THAMMY MIRANDA (PSD)Ver. CAMILO CRISTÓFARO (AVANTE)Ver. LUNA ZARATTINI (PT)Ver. RINALDI DIGILIO (UNIÃO)Ver. SILVINHO LEITE (UNIÃO)","Ver. ALESSANDRO GUEDES (PT)","13/03/2025 15:39:00 - FIN  (Recebido de SGP22)","18/05/2026 11:45 - Secretaria (SGP12) / Em Condição de Pauta","436","5"
"PL 57/2023","DISPÕE SOBRE A CRIAÇÃO DE BEBEDOUROS E COMEDOUROS PÚBLICOS PARA ANIMAIS NA CIDADE DE SÃO PAULO E DÁ OUTRAS PROVIDÊNCIAS.","Ver. DRA. SANDRA TADEU (PL)Ver. SILVINHO LEITE (UNIÃO)","Ver. GILBERTO NASCIMENTO (PL)","17/04/2026 17:50:00 - FIN  (Recebido de URB)","29/04/2026 05:58 - Consultoria (CTEO.1) / Para análise","36","24"
"PR 55/2023","INSTITUI O PRÊMIO “MULHER EMPREENDEDORA”, A SER CONCEDIDO ÀS MULHERES EMPREENDEDORAS QUE TENHAM SE DESTACADO NO SETOR DE EMPREENDEDORISMO E DÁ OUTRAS PROVIDÊNCIAS.","Ver. DRA. SANDRA TADEU (PL)","Ver. ANA CAROLINA OLIVEIRA (PODE)","13/10/2025 14:56:00 - FIN  (Recebido de SAUDE)","09/04/2026 11:35 - Relator(a) / Estudo para manifestação do relator","222","44"
"PL 42/2023","ALTERA A LEI Nº 16.739, DE 07 DE NOVEMBRO DE 2017, PARA INCLUIR UMA FARMÁCIA POPULAR 24 HORAS EM CADA UNIDADE DE PRONTO ATENDIMENTO DO MUNICÍPIO DE SÃO PAULO","Ver. MARCELO MESSIAS (MDB)","Ver. SILVINHO LEITE (UNIÃO)","07/04/2026 18:47:00 - FIN  (Recebido de SAUDE)","07/04/2026 06:47 - Presidente da Comissão / Designar Relator","46","46"
"PL 41/2023","DISPÕE SOBRE O PROGRAMA DE COMBATE AO DIABETES E À OBESIDADE INFANTIL NA REDE PÚBLICA E PRIVADA DE ENSINO DA CIDADE DE SÃO PAULO E DÁ OUTRAS PROVIDÊNCIAS","Ver. DRA. SANDRA TADEU (PL)Ver. FERNANDO HOLIDAY (PL)","Ver. ANA CAROLINA OLIVEIRA (PODE)","08/08/2025 10:37:00 - FIN  (Recebido de SAUDE)","11/03/2026 03:21 - Relator(a) / Estudo para manifestação do relator","288","73"
"PL 24/2023","AUTORIZA A RESTITUIÇÃO DO VALOR EXCEDENTE PAGO NA TARIFA DE ÁGUA AOS MORADORES VÍTIMAS DE ENCHENTE.","Ver. MAJOR PALUMBO (PP)","Ver. MARCELO MESSIAS (MDB)","13/03/2025 15:50:00 - FIN  (Recebido de SGP22)","09/04/2026 11:38 - Relator(a) / Estudo para manifestação do relator","436","44"
"PR 20/2023","INSTITUI A FRENTE PARLAMENTAR EM DEFESA DA FARMÁCIA E DAS PRERROGATIVAS E DIREITOS DOS FARMACÊUTICOS, NO ÂMBITO DA CÂMARA MUNICIPAL DE SÃO PAULO.","Ver. EDIR SALES (PSD)","Ver. ANDRÉ SANTOS (REPUBLICANOS)","26/04/2025 08:17:00 - FIN  (Recebido de SAUDE)","20/05/2026 11:09 - Secretaria (SGP12) / Em Condição de Pauta","392","3"
"PL 1/2023","RECONHECE A PRÁTICA ESPORTIVA ELETRÔNICA DENOMINADA “E-SPORTS” COMO ESPORTE PROFISSIONAL E INSTITUI A POLÍTICA MUNICIPAL DE INCENTIVO E FOMENTO AO “E-SPORT” NO ÂMBITO DO MUNICÍPIO DE SÃO PAULO E DÁ OUTRAS PROVIDÊNCIAS.","Ver. RUBINHO NUNES (UNIÃO)Ver. MARCELO MESSIAS (MDB)Ver. THAMMY MIRANDA (PSD)","Ver. SILVINHO LEITE (UNIÃO)","10/06/2025 09:58:00 - FIN  (Recebido de EDUC)","20/05/2026 09:23 - Consultoria / Para análise","347","3"
"PL 693/2022","DISPÕE SOBRE AS REGRAS PARA TRANSIÇÃO DE GOVERNO PELO CANDIDATO ELEITO PARA O CARGO DE PREFEITO E DÁ OUTRAS PROVIDÊNCIAS.","Ver. RUBINHO NUNES (UNIÃO)","Ver. MARCELO MESSIAS (MDB)","17/03/2025 17:41:00 - FIN  (Recebido de SGP22)","09/04/2026 11:42 - Relator(a) / Estudo para manifestação do relator","432","44"
"PL 687/2022","CONFERE VALIDADE INDETERMINADA AOS LAUDOS MÉDICOS QUE ATESTEM DEFICIÊNCIA PERMANENTE PARA FINS DE ACESSO A PROGRAMAS E SERVIÇOS PÚBLICOS MUNICIPAIS E DÁ OUTRAS PROVIDÊNCIAS.","Executivo - RICARDO NUNES","Ver. PAULO FRANGE (MDB)","01/04/2024 10:43:00 - FIN  (Recebido de SAUDE)","12/08/2025 12:14 - Presidente da Comissão / Designar Relator","782","284"
"PL 672/2022","DISPÕE SOBRE A ISENÇÃO DO PAGAMENTO DE TAXAS DE INSCRIÇÃO EM CONCURSOS PÚBLICOS, NO ÂMBITO DO MUNICÍPIO DE SÃO PAULO, AOS MUNÍCIPES QUE
 PRESTAREM SERVIÇOS À JUSTIÇA ELEITORAL NO PERÍODO DAS ELEIÇÕES E DÁ OUTRAS PROVIDÊNCIAS.","Ver. RUTE COSTA (PL)","Ver. SILVINHO LEITE (UNIÃO)","28/05/2025 19:39:00 - FIN  (Recebido de ADM)","21/05/2026 05:15 - Secretaria (SGP12) / Em Condição de Pauta","360","2"
"PL 658/2022","DISPÕE NO ÂMBITO DO MUNICÍPIO DE SÃO PAULO SOBRE A AUTORIZAÇÃO A INCLUIR NO PROGRAMA DE VACINAÇÃO ANTIRRÁBICA, GRATUITA, DA CIDADE DE SÃO PAULO, AS VACINAS V10 E V4 NO COMBATE E PREVENÇÃO ÀS DOENÇAS EM ANIMAIS DOMÉSTICOS, E DÁ OUTRAS PROVIDÊNCIAS.","Ver. RICARDO TEIXEIRA (UNIÃO)Ver. PROFESSOR TONINHO VESPOLI (PSOL)","Ver. MAJOR PALUMBO (PP)","29/08/2025 16:30:00 - FIN  (Recebido de ADM)","21/05/2026 02:49 - Relator(a) / Assinar Relatório","267","2"
"PL 621/2022","DISPÕE SOBRE A OBRIGATORIEDADE DAS ENTIDADES QUE GERENCIAM OS CDCS (CLUBES DA COMUNIDADE) PRESTAREM CONTAS AO TRIBUNAL DE CONTAS DO MUNICÍPIO DE SÃO PAULO E À CÂMARA MUNICIPAL DE SÃO PAULO E DÁ OUTRAS PROVIDÊNCIAS.","Ver. DRA. SANDRA TADEU (PL)","Ver. SILVINHO LEITE (UNIÃO)","06/10/2025 11:28:00 - FIN  (Recebido de ADM)","20/05/2026 09:23 - Consultoria / Para análise","229","3"
"PL 617/2022","ALTERA A LEI Nº 14.485, DE 19 DE JULHO DE 2007, PARA INCLUIR A SEMANA DA CONSCIENTIZAÇÃO SOBRE A DOENÇA CELÍACA NO CALENDÁRIO DE EVENTOS DO MUNICÍPIO DE SÃO PAULO E DÁ OUTRAS PROVIDÊNCIAS.","Ver. ISAC FÉLIX (PL)","Ver. ANDRÉ SANTOS (REPUBLICANOS)","13/08/2025 17:57:00 - FIN  (Recebido de EDUC)","20/05/2026 11:08 - Secretaria (SGP12) / Em Condição de Pauta","283","3"
"PL 592/2022","DISPÕE SOBRE A OBRIGATORIEDADE DE FIXAÇÃO DE PLACAS DE ADVERTÊNCIAS SOBRE AUTOMEDICAÇÃO EM FARMÁCIAS NO MUNICÍPIO DE SÃO PAULO","Ver. JAIR TATTO (PT)","Ver. ALESSANDRO GUEDES (PT)","08/08/2025 10:44:00 - FIN  (Recebido de SAUDE)","18/05/2026 11:43 - Secretaria (SGP12) / Em Condição de Pauta","288","5"
"PL 588/2022","ALTERA A LEI Nº 14.454, DE 27 DE JUNHO DE 2007 PARA INCLUIR A VEDAÇÃO DE DENOMINAÇÃO DE VIA OU LOGRADOURO PÚBLICO COM NOME DE CÔNJUGE, COMPANHEIRO OU PARENTE, ATÉ
 TERCEIRO GRAU, DA AUTORIDADE COMPETENTE PROPONENTE DO ATO DE DENOMINAÇÃO OU ALTERAÇÃO DE DENOMINAÇÃO, E DÁ OUTRAS PROVIDÊNCIAS","Ver. CRIS MONTEIRO (NOVO)","Ver. SILVINHO LEITE (UNIÃO)","28/03/2025 08:50:00 - FIN  (Recebido de SGP22)","15/09/2025 06:13 - Secretaria (SGP12) / Aguardando Informações do Executivo","421","250"
"PL 558/2022","DISPÕE SOBRE A CRIAÇÃO DO PRÊMIO “ALUNO NOTA DEZ”, PARA ESTUDANTES DO ENSINO FUNDAMENTAL DA REDE MUNICIPAL DE ENSINO DO MUNICÍPIO DE SÃO PAULO, E DÁ OUTRAS PROVIDÊNCIAS.","Ver. RUTE COSTA (PL)","Ver. ANA CAROLINA OLIVEIRA (PODE)","17/03/2025 17:43:00 - FIN  (Recebido de SGP22)","15/09/2025 06:13 - Secretaria (SGP12) / Aguardando Informações do Executivo","432","250"
"PL 545/2022","ALTERA A LEI Nº 10.032, DE 27 DE DEZEMBRO DE 1985, PARA DISPOR SOBRE A APRESENTAÇÃO DE RELATÓRIOS TRIMESTRAIS SOBRE O ANDAMENTO DE PROCESSOS PELO CONSELHO MUNICIPAL DE PRESERVAÇÃO DO PATRIMÔNIO HISTÓRICO, CULTURAL E AMBIENTAL DA CIDADE DE SÃO PAULO - CONPRESP, E DÁ OUTRAS PROVIDÊNCIAS.","Ver. DRA. SANDRA TADEU (PL)","Ver. SILVINHO LEITE (UNIÃO)","08/05/2025 09:53:00 - FIN  (Recebido de ADM)","20/05/2026 09:23 - Consultoria / Para análise","380","3"
"PL 534/2022","INSTITUI NO MUNICIPIO DE SÃO PAULO O PROGRAMA DE COMBATE E CONSCIENTIZAÇÃO DA APOROFOBIA.","Ver. SIDNEY CRUZ (MDB)Ver. MANOEL DEL RIO (PT)Ver. PROFESSOR TONINHO VESPOLI (PSOL)","Ver. ALESSANDRO GUEDES (PT)","23/04/2026 16:39:00 - FIN  (Recebido de SAUDE)","29/04/2026 05:41 - Consultoria (CTEO.1) / Para análise","30","24"
"PL 517/2022","ALTERA A LEI Nº 12.556, DE 8 DE JANEIRO DE 1998, PARA INSTITUIR O PROGRAMA DE SAÚDE 
 ODONTOLÓGICA ESPECIAL PARA PACIENTES COM NECESSIDADES ESPECIAIS EM ATENDIMENTO DOMICILIAR (AD), AMBULATÓRIOS E CENTROS CIRÚRGICOS, EM TODAS AS COORDENADORIAS DE SAÚDE DE SÃO PAULO.","Ver. AURÉLIO NOMURA (PSD)Ver. MARCELO MESSIAS (MDB)","Ver. ANDRÉ SANTOS (REPUBLICANOS)","13/05/2025 13:39:00 - FIN  (Recebido de SAUDE)","08/04/2026 05:43 - Relator(a) / Estudo para manifestação do relator","375","45"
"PL 514/2022","ACRESCENTA À DENOMINAÇÃO DA UNIDADE BÁSICA DE SAÚDE – UBS/AMA PARQUE DOROTEIA, O NOME OTACÍLIO MADEIRA.","Ver. SIDNEY CRUZ (MDB)","Ver. ALESSANDRO GUEDES (PT)","20/03/2026 11:53:00 - FIN  (Recebido de EDUC)","18/05/2026 11:44 - Secretaria (SGP12) / Em Condição de Pauta","64","5"
"PL 502/2022","DISPÕE SOBRE A OBRIGATORIEDADE DE COMUNICAÇÃO, POR PARTE DE INSTITUIÇÕES HOSPITALARES DO MUNICÍPIO DE SÃO PAULO, DE RECÉM-NASCIDOS COM FISSURA LABIOPALATAL ÀS INSTITUIÇÕES QUE ESPECIFICA, E DÁ OUTRAS PROVIDÊNCIAS.","Ver. RUTE COSTA (PL)","Ver. ANA CAROLINA OLIVEIRA (PODE)","08/08/2025 10:44:00 - FIN  (Recebido de SAUDE)","08/04/2026 05:43 - Consultoria (CTEO.1) / Para análise","288","45"
"PL 453/2022","INSERE INCISO III AO ART. 67 DA LEI MUNICIPAL Nº 14.660, DE 26 DE DEZEMBRO DE 2007, E DÁ OUTRAS PROVIDÊNCIAS. [PERMITE QUE SERVIDORES PERTENCENTES AO QUADRO DE APOIO À EDUCAÇÃO EXERÇAM CARGOS COMISSIONADOS NA CÂMARA MUNICIPAL DE SÃO PAULO]","Ver. PROFESSOR TONINHO VESPOLI (PSOL)Ver. KEIT LIMA (PSOL)","Ver. KEIT LIMA (PSOL)","17/03/2025 17:58:00 - FIN  (Recebido de SGP22)","26/05/2025 10:10 - Presidente da Comissão / Redesignar Relator","432","362"
"PL 418/2022","INSTITUI O PROGRAMA DE REABILITAÇÃO SOCIAL DAS PESSOAS COM DEFICIÊNCIA AUDITIVA E DÁ OUTRAS PROVIDÊNCIAS.","Ver. ANDRÉ SANTOS (REPUBLICANOS)","Ver. MARCELO MESSIAS (MDB)","15/12/2025 14:24:00 - FIN  (Recebido de SAUDE)","14/05/2026 04:08 - Relator(a) / Estudo para manifestação do relator","159","9"
"PL 369/2022","CRIA O PROGRAMA DE ALFABETIZAÇÃO DIGITAL DA TERCEIRA IDADE.","Ver. ANDRÉ SANTOS (REPUBLICANOS)","Ver. ANA CAROLINA OLIVEIRA (PODE)","08/08/2025 10:44:00 - FIN  (Recebido de SAUDE)","19/03/2026 02:28 - Relator(a) / Estudo para manifestação do relator","288","65"
"PL 333/2022","CONSIDERA COMO LICENÇA POR ACIDENTE DE TRABALHO/DOENÇA PROFISSIONAL, NA FORMA DO ARTIGO 160 DA LEI 8989/79, O PERÍODO DE AFASTAMENTO PARA TRATAMENTO DA SAÚDE DO SERVIDOR DA GUARDA CIVIL METROPOLITANA EM RAZÃO DE INFECÇÃO POR COVID19, E DÁ OUTRAS PROVIDÊNCIAS.","Ver. PROFESSOR TONINHO VESPOLI (PSOL)","Ver. KEIT LIMA (PSOL)","08/08/2025 10:44:00 - FIN  (Recebido de SAUDE)","19/03/2026 02:34 - Relator(a) / Estudo para manifestação do relator","288","65"
"PL 310/2022","PROÍBE  A  OFERTA  E/OU  CONTRATAÇÃO DE  EMPRÉSTIMO  OU  FINANCIAMENTO PARA APOSENTADOS E PENSIONISTAS, POR MEIO DE LIGAÇÃO TELEFÔNICA.","Ver. JAIR TATTO (PT)","Ver. ALESSANDRO GUEDES (PT)","17/03/2025 17:58:00 - FIN  (Recebido de SGP22)","18/05/2026 11:42 - Secretaria (SGP12) / Em Condição de Pauta","432","5"
"PL 275/2022","PREVÊ VALIDADE INDETERMINADA A LAUDO QUE ATESTE DEFICIÊNCIA PERMANENTE PARA FINS DE UTILIZAÇÃO DE SERVIÇOS E BENEFÍCIOS DE SAÚDE E ASSISTÊNCIA SOCIAL NO MUNICÍPIO DE SÃO PAULO.","Ver. SIDNEY CRUZ (MDB)Ver. PROFESSOR TONINHO VESPOLI (PSOL)","Ver. KEIT LIMA (PSOL)","08/05/2025 18:23:00 - FIN  (Recebido de SGP22)","12/03/2026 04:01 - Relator(a) / Assinar Relatório","380","72"
"PL 264/2022","INSTITUI DIRETRIZES PARA O APOIO MÉDICO E PSICOLÓGICO AOS SERVIDORES DA DEFESA CIVIL MUNICIPAL, E DÁ OUTRAS PROVIDÊNCIAS.","Ver. JAIR TATTO (PT)","Ver. KEIT LIMA (PSOL)","10/11/2025 11:44:00 - FIN  (Recebido de SAUDE)","16/04/2026 03:24 - Relator(a) / Estudo para manifestação do relator","194","37"
"PL 260/2022","DISPÕE SOBRE A IMPLEMENTAÇÃO DO “PROGRAMA DE ACOLHIMENTO ÀS PESSOAS EM PUERPÉRIO” NO ÂMBITO DA REDE MUNICIPAL DE SAÚDE DE SÃO
 PAULO.","Ver. SILVIA DA BANCADA FEMINISTA (PSOL)","Ver. KEIT LIMA (PSOL)","23/04/2026 16:39:00 - FIN  (Recebido de SAUDE)","27/04/2026 04:37 - Consultoria (CTEO.1) / Para análise","30","26"
"PL 211/2022","ALTERA A LEI MUNICIPAL Nº 17.675, DE 08 DE OUTUBRO DE 2021, E DÁ OUTRAS PROVIDÊNCIAS. (MODIFICA CRITÉRIOS PARA INDICAÇÃO DE LOCAL DE LOTAÇÃO DE SERVIDOR PÚBLICO)","Ver. PROFESSOR TONINHO VESPOLI (PSOL)","Ver. KEIT LIMA (PSOL)","17/03/2025 19:14:00 - FIN  (Recebido de SGP22)","12/03/2026 04:03 - Relator(a) / Assinar Relatório","432","72"
"PL 156/2022","CONCEDE ISENÇÃO DO IMPOSTO SOBRE SERVIÇOS DE QUALQUER NATUREZA – ISS PARA OS ENTES PARAESTATAIS QUE CELEBRARAM CONTRATO DE GESTÃO OU TERMO DE PARCERIA COM O MUNICÍPIO DE SÃO
 PAULO E DÁ OUTRAS PROVIDÊNCIAS.","Ver. FERNANDO HOLIDAY (PL)","Ver. SILVINHO LEITE (UNIÃO)","17/03/2025 19:14:00 - FIN  (Recebido de SGP22)","06/06/2025 04:49 - Secretaria (SGP12) / Aguardando Elaboração do Ofício SGP-12","432","351"
"PL 151/2022","DISPÕE SOBRE A ISENÇÃO NO PAGAMENTO DE TARIFA NO TRANSPORTE COLETIVO DE ÔNIBUS ÀS PESSOAS COM A DOENÇA FALCIFORME, NO ÂMBITO DO MUNICÍPIO DE SÃO PAULO, E DÁ OUTRAS PROVIDÊNCIAS.","Ver. EDIR SALES (PSD)","Ver. MARCELO MESSIAS (MDB)","17/03/2025 19:36:00 - FIN  (Recebido de SGP22)","30/04/2026 04:13 - Relator(a) / Estudo para manifestação do relator","432","23"
"PL 84/2022","""CRIA A OBRIGATORIEDADE DE IMPLANTE DE CHIPS DE IDENTIFICAÇÃO EM CÃES E GATOS DOADOS OU VENDIDOS NO MUNICÍPIO DE SÃO PAULO.""","Ver. DRA. SANDRA TADEU (PL)","Ver. ANA CAROLINA OLIVEIRA (PODE)","15/10/2025 14:53:00 - FIN  (Recebido de ECON)","16/04/2026 03:26 - Relator(a) / Estudo para manifestação do relator","220","37"
"PL 41/2022","INSTITUI A POLÍTICA MUNICIPAL DE COMBATE COMUNITÁRIO À VIOLÊNCIA DOMÉSTICA E FAMILIAR CONTRA A MULHER, ESTABELECE DIRETRIZES E DÁ OUTRAS PROVIDÊNCIAS.","Ver. ISAC FÉLIX (PL)Ver. CAMILO CRISTÓFARO (AVANTE)Ver. THAMMY MIRANDA (PSD)","Ver. ANA CAROLINA OLIVEIRA (PODE)","07/04/2026 18:47:00 - FIN  (Recebido de SAUDE)","07/04/2026 06:47 - Presidente da Comissão / Designar Relator","46","46"
"PL 37/2022","DISPÕE SOBRE A DESTINAÇÃO ÀS MULHERES VÍTIMAS DE VIOLÊNCIA DOMÉSTICA, DE 5% DAS UNIDADES DE PROGRAMAS DE LOTEAMENTOS SOCIAIS E DE HABITAÇÃO POPULAR.","Ver. ISAC FÉLIX (PL)Ver. KEIT LIMA (PSOL)","Ver. ANA CAROLINA OLIVEIRA (PODE)","13/10/2025 14:56:00 - FIN  (Recebido de SAUDE)","22/04/2026 03:17 - Relator(a) / Estudo para manifestação do relator","222","31"
"PL 838/2021","ALTERA A LEI Nº 14.485, DE 19 DE JULHO DE 2007, PARA INCLUIR NO CALENDÁRIO OFICIAL DE EVENTOS DA CIDADE DE SÃO PAULO, O “ANIVERSÁRIO DO BAIRRO DE PEDREIRA”, A SER COMEMORADO ANUALMENTE NO DIA 31 DE OUTUBRO, E DÁ OUTRAS PROVIDENCIAS.","Ver. SIDNEY CRUZ (MDB)Ver. SANSÃO PEREIRA (REPUBLICANOS)","Ver. ANDRÉ SANTOS (REPUBLICANOS)","17/03/2025 19:46:00 - FIN  (Recebido de SGP22)","20/05/2026 11:08 - Secretaria (SGP12) / Em Condição de Pauta","432","3"
"PL 832/2021","INSTITUI O PROGRAMA “RESPEITO TEM NOME” VOLTADO À PROMOÇÃO DA CIDADANIA DE PESSOAS TRANS E TRAVESTIS NO MUNICÍPIO DE SÃO PAULO E DÁ OUTRAS PROVIDÊNCIAS.","Ver. ERIKA HILTON (PSOL)Ver. EDUARDO MATARAZZO SUPLICY (PT)Ver. LUNA ZARATTINI (PT)","Ver. KEIT LIMA (PSOL)","15/08/2025 11:34:00 - FIN  (Recebido de SAUDE)","08/04/2026 05:43 - Relator(a) / Estudo para manifestação do relator","281","45"
"PL 780/2021","ALTERA A LEI Nº 15.939, DE 23 DE DEZEMBRO DE 2013, PARA ESTABELECER O CHAMAMENTO MÍNIMO DE 20% DOS CANDIDATOS NEGROS, NEGRAS E AFRODESCENDENTES","Ver. PROFESSOR TONINHO VESPOLI (PSOL)","Ver. KEIT LIMA (PSOL)","25/08/2025 18:57:00 - FIN  (Recebido de SAUDE)","19/03/2026 02:39 - Relator(a) / Estudo para manifestação do relator","271","65"
"PL 764/2021","INSTITUI A OBRIGATORIEDADE DOS ESTABELECIMENTOS COMERCIAIS REALIZAREM FORMAÇÃO DE COMBATE AO RACISMO PARA EMPREGADOS E EQUIPES DE SEGURANÇA PRIVADA, E DÁ OUTRAS PROVIDÊNCIAS.","Ver. LUANA ALVES (PSOL)","Ver. KEIT LIMA (PSOL)","08/08/2025 10:44:00 - FIN  (Recebido de SAUDE)","19/03/2026 02:42 - Relator(a) / Estudo para manifestação do relator","288","65"
"PL 739/2021","DENOMINA PRAÇA VISTA VERDE, O LOGRADOURO PÚBLICO INOMINADO, LOCALIZADO NA RUA DESEMBARGADOR MANOEL CARLOS DA COSTA LEITE, 47 - CONJ. RES. VISTA VERDE – SUBPREFEITURA DE PIRITUBA.","Ver. ELISEU GABRIEL (PSB)","Ver. ALESSANDRO GUEDES (PT)","13/08/2025 17:57:00 - FIN  (Recebido de EDUC)","18/05/2026 11:41 - Secretaria (SGP12) / Em Condição de Pauta","283","5"
"PL 702/2021","DISPÕE SOBRE A INSTITUIÇÃO DO CIRCUITO CULTURAL, GASTRONÔMICO, TURÍSTICO E DE LAZER LAPAPACAEMBU E DÁ PROVIDÊNCIAS CORRELATAS.","Ver. SANDRA SANTANA (MDB)Ver. RODRIGO GOULART (PSD)Ver. DRA. SANDRA TADEU (PL)Ver. PROFESSOR TONINHO VESPOLI (PSOL)","Ver. GILBERTO NASCIMENTO (PL)","19/12/2025 13:17:00 - FIN  (Recebido de EDUC)","08/04/2026 05:43 - Consultoria (CTEO.1) / Para análise","155","45"
"PL 662/2021","INSTITUI NO ÂMBITO DO MUNICÍPIO DE SÃO PAULO O PROGRAMA DE SAÚDE “CUIDANDO DE QUEM CUIDA ”, CRIA A CARTEIRA DE IDENTIFICAÇÃO DO CUIDADOR, E DÁ OUTRAS PROVIDÊNCIAS.","Ver. PROFESSOR TONINHO VESPOLI (PSOL)","Ver. KEIT LIMA (PSOL)","15/08/2025 11:34:00 - FIN  (Recebido de SAUDE)","19/03/2026 02:43 - Relator(a) / Estudo para manifestação do relator","281","65"
"PL 661/2021","INSTITUI POLÍTICAS SOCIAIS PARA A SAÚDE DOS CADEIRANTES COM RETENÇÃO URINÁRIA DE LESÃO MEDULAR, E DÁ OUTRAS PROVIDÊNCIAS.","Ver. EDIR SALES (PSD)","Ver. MARCELO MESSIAS (MDB)","17/03/2025 19:46:00 - FIN  (Recebido de SGP22)","08/04/2026 05:43 - Relator(a) / Estudo para manifestação do relator","432","45"
"PL 633/2021","DISPÕE SOBRE A CRIAÇÃO E ATRIBUIÇÕES DA EQUIPE TÉCNICA MULTIDISCIPLINAR DO CONSELHO TUTELAR E DÁ OUTRAS PROVIDENCIAS","Ver. DRA. SANDRA TADEU (PL)Ver. KEIT LIMA (PSOL)Ver. SILVINHO LEITE (UNIÃO)","Ver. MARCELO MESSIAS (MDB)","13/10/2025 14:56:00 - FIN  (Recebido de SAUDE)","29/04/2026 02:52 - Secretaria (SGP12) / Aguardando Notas Taquigráficas (Audiência realizada)","222","24"
"PL 605/2021","INSTITUI A UTILIZAÇÃO DE PULSEIRA OU CARTÃO COM QRCODE PARA IDENTIFICAÇÃO DE IDOSOS, DEFICIENTES FÍSICOS, PORTADORES DE PATOLOGIAS MENTAIS, IMUNODEFICIÊNCIAS E DISTÚRBIOS HORMONAIS E METABÓLICOS NO MUNICÍPIO DE SÃO PAULO","Ver. SIDNEY CRUZ (MDB)Ver. MARCELO MESSIAS (MDB)","Ver. MAJOR PALUMBO (PP)","23/04/2026 16:39:00 - FIN  (Recebido de SAUDE)","29/04/2026 05:58 - Consultoria (CTEO.1) / Para análise","30","24"
"PL 591/2021","DISPÕE SOBRE A IMPLEMENTAÇÃO DE CAPACITAÇÃO ANUAL PARA PROFISSIONAIS DA SAÚDE EM SAÚDE INTEGRAL DE MULHERES LÉSBICAS E BISSEXUAIS.","Ver. LUANA ALVES (PSOL)Ver. KEIT LIMA (PSOL)","","21/05/2026 14:46:00 - FIN  (Recebido de SAUDE)","21/05/2026 02:46 - Presidente da Comissão / Designar Relator","2","2"
"PL 584/2021","DISPÕE SOBRE A FORMA DE PUBLICIDADE DOS PREÇOS NOS POSTOS DE COMBUSTÍVEIS E DÁ OUTRAS PROVIDÊNCIAS.","Ver. GILSON BARRETO (MDB)Ver. DRA. SANDRA TADEU (PL)","Ver. MARCELO MESSIAS (MDB)","11/08/2025 11:15:00 - FIN  (Recebido de ECON)","19/03/2026 02:47 - Relator(a) / Estudo para manifestação do relator","285","65"
"PL 573/2021","AUTORIZA O PODER EXECUTIVO A IMPLEMENTAR O SISTEMA DE GESTÃO COMPARTILHADA EM ESCOLAS DE ENSINO FUNDAMENTAL E MÉDIO DA REDE PÚBLICA MUNICIPAL DE ENSINO EM PARCERIA COM ORGANIZAÇÕES DA SOCIEDADE CIVIL SEM FINS LUCRATIVOS E DÁ OUTRAS PROVIDÊNCIAS.","Ver. CRIS MONTEIRO (NOVO)Ver. RUBINHO NUNES (UNIÃO)Ver. FERNANDO HOLIDAY (PL)","Ver. MARCELO MESSIAS (MDB)","17/03/2025 19:46:00 - FIN  (Recebido de SGP22)","12/03/2026 04:13 - Relator(a) / Assinar Relatório","432","72"
"PL 571/2021","DISPÕE SOBRE A PROTEÇÃO DA SAÚDE E INCENTIVO ÀS PESQUISAS CIENTÍFICAS COM A “CANNABIS MEDICINAL” E À DIFUSÃO DE INFORMAÇÃO ACERCA DO ASSUNTO, COM O OBJETIVO DE GARANTIR SUPORTE INSTITUCIONAL E ORIENTAÇÃO PARA PACIENTES E SEUS FAMILIARES.","Ver. JANAÍNA LIMA (PP)Ver. PROFESSOR TONINHO VESPOLI (PSOL)","Ver. KEIT LIMA (PSOL)","13/10/2025 14:56:00 - FIN  (Recebido de SAUDE)","30/04/2026 04:15 - Relator(a) / Estudo para manifestação do relator","222","23"
"PL 569/2021","INSTITUI A POLÍTICA MUNICIPAL DE FORNECIMENTO DE MEDICAMENTOS FORMULADOS À BASE DE CANABIDIOL, EM ASSOCIAÇÃO COM OUTRAS SUBSTÂNCIAS CANABINÓIDES, INCLUINDO O TETRAHIDROCANABIDIOL, EM CARÁTER EXCEPCIONAL PELO PODER EXECUTIVO NAS UNIDADES DE SAÚDE PÚBLICA MUNICIPAL E PRIVADA CONVENIADA AO SISTEMA ÚNICO DE SAÚDE - SUS, GARANTINDO O TRATAMENTO AOS PACIENTES QUE COMPROVADAMENTE TERÃO SUAS CONSEQUÊNCIAS CLÍNICAS E SOCIAIS DESSAS PATOLOGIAS DIMINUÍDAS COM O USO DESSES MEDICAMENTOS.","Ver. JANAÍNA LIMA (PP)Ver. PROFESSOR TONINHO VESPOLI (PSOL)Ver. MARCELO MESSIAS (MDB)Ver. DANIEL ANNENBERG (PSB)Ver. DR. ADRIANO SANTOS (PT)","Ver. KEIT LIMA (PSOL)","08/08/2025 10:44:00 - FIN  (Recebido de SAUDE)","12/03/2026 04:16 - Relator(a) / Assinar Relatório","288","72"
"PL 558/2021","CRIA O PROGRAMA AMBULATORIAL DE FISIOTERAPIA RESPIRATÓRIA PARA TRATAR SEQUELAS RESPIRATÓRIAS DOS PACIENTES QUE TIVERAM COVID-19 E DÁ OUTRAS PROVIDÊNCIAS.","Ver. MARCELO MESSIAS (MDB)","Ver. GILBERTO NASCIMENTO (PL)","17/03/2025 19:46:00 - FIN  (Recebido de SGP22)","30/04/2026 04:18 - Relator(a) / Estudo para manifestação do relator","432","23"
"PL 529/2021","ALTERA A LEI Nº 14.485 DE 19 DE JULHO DE 2007 PARA INCLUIR NO CALENDÁRIO DA CIDADE DE SÃO PAULO A SEMANA DA CONSCIENTIZAÇÃO SOBRE A IMPORTÂNCIA DA FAMÍLIA TRADICIONAL SP, E DÁ OUTRAS PROVIDÊNCIAS.","Ver. SANSÃO PEREIRA (REPUBLICANOS)","Ver. ANDRÉ SANTOS (REPUBLICANOS)","17/03/2025 16:16:00 - FIN  (Recebido de SGP22)","16/03/2026 05:48 - Secretaria (SGP12) / Retirado de pauta","432","68"
"PL 455/2021","ALTERA A LEI Nº 15.442 DE 2011, PARA INCLUIR DISPOSITIVO PARA ASSEGURAR O USO EXCLUSIVO DE PEDESTRES EM CALÇADAS E VIAS DE PASSEIO PÚBLICO E, DÁ OUTRAS PROVIDÊNCIAS.","Ver. SIDNEY CRUZ (MDB)","Ver. ANDRÉ SANTOS (REPUBLICANOS)","02/02/2026 13:55:00 - FIN  (Recebido de ECON)","21/05/2026 02:52 - Relator(a) / Assinar Relatório","110","2"
"PL 415/2021","INSTITUI NO MUNICÍPIO A POSSIBILIDADE E O DIREITO AOS MUNÍCIPES DE ACESSO A MEIOS E FORMAS DE PAGAMENTO DIGITAIS PARA QUITAÇÃO DE DÉBITOS DE NATUREZA TRIBUTÁRIA E NÃO TRIBUTÁRIA, COMO PIX E OPERAÇÕES DE CARTÃO DE DÉBITO E CRÉDITO.","Ver. RUBINHO NUNES (UNIÃO)","Ver. SILVINHO LEITE (UNIÃO)","29/09/2025 16:12:00 - FIN  (Recebido de ADM)","29/04/2026 02:52 - Secretaria (SGP12) / Aguardando Notas Taquigráficas (Audiência realizada)","236","24"
"PL 371/2021","“ALTERA A LEI Nº 13.766, DE 21 DE JANEIRO DE 2004, A FIM DE ESTENDER ININTERRUPTAMENTE O SERVIÇO DO HOSPITAL DO SERVIDOR PÚBLICO MUNICIPAL AOS FILHOS DOS SERVIDORES QUE
 TENHAM INICIADO TRATAMENTO ANTES DOS 18 ANOS ATÉ SEU RESPECTIVO TÉRMINO OU A COMPLETUDE DE SEUS 21 OU, CASO MATRICULADOS EM INSTITUIÇÕES DE ENSINO SUPERIOR, 24 ANOS”.","Ver. PROFESSOR TONINHO VESPOLI (PSOL)","Ver. KEIT LIMA (PSOL)","25/08/2025 18:57:00 - FIN  (Recebido de SAUDE)","19/03/2026 02:49 - Relator(a) / Estudo para manifestação do relator","271","65"
"PL 369/2021","ALTERA A LEI MUNICIPAL 16.311 DE 12 DE NOVEMBRO DE 2015 QUE DISPÕE SOBRE A ATIVIDADE DE FRETAMENTO NO ÂMBITO DO MUNICÍPIO DE SÃO PAULO E DÁ OUTRAS PROVIDÊNCIAS.","Ver. RUBINHO NUNES (UNIÃO)","Ver. SILVINHO LEITE (UNIÃO)","08/08/2025 10:44:00 - FIN  (Recebido de SAUDE)","20/05/2026 09:23 - Consultoria / Para análise","288","3"
"PL 359/2021","ALTERA O PARÁGRAFO ÚNICO DO ARTIGO 4º DA LEI Nº 16.050, DE 31 DE JULHO DE 2014 E DÁ OUTRAS PROVIDÊNCIAS (REF. ADIAMENTO DO PRAZO PARA ENCAMINHAMENTO DE PROPOSTA DE REVISÃO DO PLANO DIRETOR).","Ver. ELISEU GABRIEL (PSB)","Ver. SILVINHO LEITE (UNIÃO)","25/04/2025 08:53:00 - FIN  (Recebido de URB)","20/05/2026 11:15 - Consultoria / Para análise","393","3"
"PL 327/2021","INSTITUI A CAMPANHA INFORMATIVA PARA EMPRESAS SOBRE EPILEPSIA É DÁ OUTRAS PROVIDÊNCIAS.","Ver. CRIS MONTEIRO (NOVO)Ver. DANIEL ANNENBERG (PSB)","Ver. GILBERTO NASCIMENTO (PL)","17/03/2025 16:16:00 - FIN  (Recebido de SGP22)","08/04/2026 06:24 - Relator(a) / Estudo para manifestação do relator","432","45"
"PL 273/2021","DENOMINA “PRAÇA DONA EVA ANGELICAL RAMOS GONÇALVES” A PRAÇA INOMINADA, LOCALIZADA ENTRE A RUA GIOVANNI NASCO NA COORDENADA GEOGRÁFICA 23°36'17.1""S 46°29'56.0""W, E A RUA GIOVANNI NASCO NA COORDENADA GEOGRÁFICA 23°36'22.5""S 46°29'56.5""W, NO BAIRRO TEOTÔNIO VILELA NA SUBPREFEITURA DE SAPOPEMBA, E DÁ OUTRAS PROVIDÊNCIAS.","Ver. PROFESSOR TONINHO VESPOLI (PSOL)","Ver. KEIT LIMA (PSOL)","13/08/2025 17:57:00 - FIN  (Recebido de EDUC)","21/05/2026 01:08 - Secretaria (SGP12) / Em Condição de Pauta","283","2"
"PL 244/2021","CRIA A CAMPANHA PERMANENTE DE ENFRENTAMENTO AO ASSÉDIO E À VIOLÊNCIA SEXUAL NO MUNICÍPIO DE SÃO PAULO, E DÁ OUTRAS DISPOSIÇÕES.","Ver. PROFESSOR TONINHO VESPOLI (PSOL)Ver. CELSO GIANNAZI (PSOL)Ver. LUANA ALVES (PSOL)Ver. SILVIA DA BANCADA FEMINISTA (PSOL)Ver. ERIKA HILTON (PSOL)Ver. ELAINE DO QUILOMBO PERIFÉRICO (PSOL)Ver. KEIT LIMA (PSOL)","Ver. ALESSANDRO GUEDES (PT)","08/08/2025 10:44:00 - FIN  (Recebido de SAUDE)","21/05/2026 02:59 - Relator(a) / Assinar Relatório","288","2"
"PL 243/2021","DISPÕE SOBRE A CRIAÇÃO DE 4 (QUATRO) HOSPITAIS PÚBLICOS VETERINÁRIOS NOS BAIRROS JABAQUARA, BUTANTÃ, BRASILÂNDIA E IPIRANGA NO MUNICÍPIO DE SÃO PAULO.","Ver. ANDRÉ SANTOS (REPUBLICANOS)Ver. PAULO FRANGE (MDB)Ver. FARIA DE SÁ (PP)Ver. RODRIGO GOULART (PSD)Ver. AURÉLIO NOMURA (PSD)Ver. CAMILO CRISTÓFARO (AVANTE)","Ver. ANA CAROLINA OLIVEIRA (PODE)","05/04/2025 06:47:00 - FIN  (Recebido de ADM)","06/08/2025 02:05 - Relator(a) / Estudo para manifestação do relator","413","290"
"PL 217/2021","DISPÕE SOBRE A DISPONIBILIZAÇÃO DE SALA PARA ARBITRAGEM E MEDIAÇÃO DE CONFLITOS NOS SHOPPINGS CENTERS E
 HIPERMERCADOS SITUADOS NO MUNICÍPIO DE SÃO PAULO.","Ver. ISAC FÉLIX (PL)","Ver. SILVINHO LEITE (UNIÃO)","17/03/2025 16:00:00 - FIN  (Recebido de SGP22)","21/05/2026 05:15 - Secretaria (SGP12) / Em Condição de Pauta","432","2"
"PL 161/2021","DISPÕE SOBRE A CRIAÇÃO DE FRENTES DE TRABALHO NAS SUBPREFEITURAS, POR MEIO DE CONTRATO DE TRABALHOS TEMPORÁRIOS
 DEVIDO À CALAMIDADE PÚBLICA DECORRENTE DA PANDEMIA POR COVID-19.","Ver. PROFESSOR TONINHO VESPOLI (PSOL)Ver. CELSO GIANNAZI (PSOL)Ver. LUANA ALVES (PSOL)Ver. SILVIA DA BANCADA FEMINISTA (PSOL)Ver. ERIKA HILTON (PSOL)Ver. ELAINE DO QUILOMBO PERIFÉRICO (PSOL)","Ver. KEIT LIMA (PSOL)","17/03/2025 16:00:00 - FIN  (Recebido de SGP22)","12/03/2026 04:39 - Relator(a) / Assinar Relatório","432","72"
"PL 95/2021","“CRIA O FUNDO MUNICIPAL DE COMBATE AO ABUSO INFANTIL E DA OUTRAS PROVIDENCIAS.”","Ver. RUTE COSTA (PL)Ver. THAMMY MIRANDA (PSD)Ver. SILVINHO LEITE (UNIÃO)","Ver. ANA CAROLINA OLIVEIRA (PODE)","15/08/2025 11:34:00 - FIN  (Recebido de SAUDE)","01/10/2025 02:06 - Secretaria (SGP12) / Aguardando Notas Taquigráficas (Audiência realizada)","281","234"
"PL 85/2021","“PROGRAMA GUI (GUIA DE UNIFICAÇÃO DE INFORMAÇÕES) NA PREVENÇÃO E CONTROLE DA DIABETES EM CRIANÇAS E ADOLESCENTES MATRICULADOS NAS ESCOLAS DA REDE PÚBLICA DA CIDADE DE SÃO PAULO”.","Ver. JAIR TATTO (PT)","Ver. ANA CAROLINA OLIVEIRA (PODE)","15/08/2025 11:34:00 - FIN  (Recebido de SAUDE)","22/04/2026 03:06 - Relator(a) / Estudo para manifestação do relator","281","31"
"PL 78/2021","""DISPÕE SOBRE A OBRIGATORIEDADE DA COLOCAÇÃO DE PLACAS NAS ENTRADAS DOS LOCAIS QUE ESPECIFICA COM OS SEGUINTES DIZERES: ""A EXPLORAÇÃO SEXUAL DE CRIANÇAS E ADOLESCENTES É CRIME, PUNIDO COM RECLUSÃO DE 4 A 10 ANOS E MULTA”, E DÁ OUTRAS PROVIDÊNCIAS.""","Ver. DRA. SANDRA TADEU (PL)Ver. THAMMY MIRANDA (PSD)","Ver. ANA CAROLINA OLIVEIRA (PODE)","07/04/2026 18:47:00 - FIN  (Recebido de SAUDE)","07/04/2026 06:47 - Presidente da Comissão / Designar Relator","46","46"
"PL 71/2021","CRIA O SISTEMA DE COTAS SOCIAIS PARA CANDIDATOS JÁ INSCRITOS EM PROGRAMAS SOCIAIS; REVOGA A RESERVA DE VAGAS PARA AQUELES QUE SE AUTODECLARAREM PRETOS OU PARDOS E DÁ OUTRAS PROVIDÊNCIAS.","Ver. FERNANDO HOLIDAY (PL)","Ver. SILVINHO LEITE (UNIÃO)","25/08/2025 18:57:00 - FIN  (Recebido de SAUDE)","29/11/2025 02:54 - Consultoria (CTEO.1) / Para análise","271","175"
"PL 19/2021","DISPÕE SOBRE A IGUALDADE DE GÊNERO NA COMPOSIÇÃO DOS QUADROS DE DIREÇÃO E CHEFIA NA ADMINISTRAÇÃO PÚBLICA NO MUNICÍPIO DE SÃO PAULO.","Ver. AURÉLIO NOMURA (PSD)Ver. PROFESSOR TONINHO VESPOLI (PSOL)","Ver. MARCELO MESSIAS (MDB)","25/08/2025 18:57:00 - FIN  (Recebido de SAUDE)","16/04/2026 06:05 - Secretaria (SGP12) / Aguardando Informações do Executivo","271","37"
"PR 4/2021","DISPÕE SOBRE A CRIAÇÃO DA FRENTE PARLAMENTAR DE FISCALIZAÇÃO, ACOMPANHAMENTO E CONTROLE DO PROCESSO DE EVOLUÇÃO DA VACINAÇÃO CONTRA A COVID-19 NA CIDADE DE SÃO PAULO.","Ver. ALESSANDRO GUEDES (PT)Ver. CRIS MONTEIRO (NOVO)Ver. GILBERTO NASCIMENTO (PL)Ver. RUBINHO NUNES (UNIÃO)Ver. JULIANA CARDOSO (PT)Ver. MARLON LUZ (MDB)Ver. SIDNEY CRUZ (MDB)Ver. ELY TERUEL (MDB)Ver. SANSÃO PEREIRA (REPUBLICANOS)Ver. SILVIA DA BANCADA FEMINISTA (PSOL)Ver. ELAINE DO QUILOMBO PERIFÉRICO (PSOL)Ver. ANTONIO DONATO (PT)Ver. FERNANDO HOLIDAY (PL)Ver. CARLOS BEZERRA JR. (PSD)Ver. THAMMY MIRANDA (PSD)","Ver. MAJOR PALUMBO (PP)","15/03/2025 20:54:00 - FIN  (Recebido de SGP22)","21/05/2026 03:08 - Relator(a) / Assinar Relatório","434","2"
"PL 742/2020","DISPÕE SOBRE A PRESTAÇÃO DOS SERVIÇOS DE ATIVIDADES EDUCACIONAIS NO MUNICÍPIO DE SÃO PAULO ANTES, DURANTE E APÓS TEMPOS DE CRISES OCASIONADOS POR MOLÉSTIAS CONTAGIOSAS OU CATÁSTROFES NATURAIS.","Ver. JANAÍNA LIMA (PP)Ver. CRIS MONTEIRO (NOVO)","Ver. ANA CAROLINA OLIVEIRA (PODE)","15/03/2025 20:54:00 - FIN  (Recebido de SGP22)","15/05/2025 04:59 - Relator(a) / Estudo para manifestação do relator","434","373"
"PL 683/2020","DISPÕE SOBRE A DIVULGAÇÃO, EM SEU SITE INSTITUCIONAL, DA LOCALIZAÇÃO DE TODOS OS RADARES DE FISCALIZAÇÃO PELO PODER PÚBLICO MUNICIPAL, BEM COMO DOS RESPECTIVOS LIMITES DE VELOCIDADE, E DÁ OUTRAS PROVIDÊNCIAS.","Ver. ISAC FÉLIX (PL)","Ver. SILVINHO LEITE (UNIÃO)","13/05/2025 13:39:00 - FIN  (Recebido de ECON)","20/05/2026 11:15 - Consultoria / Para análise","375","3"
"PL 678/2020","INSTITUI CAMPANHA “CHECK-UP GERAL NOS HOMENS"" PARA ALERTA E PREVENÇÃO DE TODAS AS DOENÇAS E DÁ OUTRAS PROVIDÊNCIAS.","Ver. DRA. SANDRA TADEU (PL)","Ver. ANDRÉ SANTOS (REPUBLICANOS)","15/03/2025 20:54:00 - FIN  (Recebido de SGP22)","07/11/2025 04:06 - Secretaria (SGP12) / Aguardando Informações do Executivo","434","197"
"PL 654/2020","DISPÕE SOBRE A INSTITUIÇÃO DA POLÍTICA MUNICIPAL DE INCLUSÃO DA PESSOA COM MAIS DE 50 ANOS, CONCEDENDO BENEFÍCIO FISCAL A EMPRESAS PRESTADORAS DE SERVIÇOS QUE EMPREGUEM, NO SEU QUADRO DE FUNCIONÁRIOS, PESSOAS COM MAIS DE 50 ANOS E DÁ OUTRAS PROVIDÊNCIAS.","Ver. GILBERTO NATALINI (S/PARTIDO)Ver. AURÉLIO NOMURA (PSD)Ver. ADILSON AMADEU (UNIÃO)","Ver. MARCELO MESSIAS (MDB)","02/12/2025 12:58:00 - FIN  (Recebido de SGP22)","29/04/2026 02:52 - Secretaria (SGP12) / Aguardando Notas Taquigráficas (Audiência realizada)","172","24"
"PL 619/2020","INSTITUI A IMPLANTAÇÃO DA POLÍTICA MUNICIPAL DE CONSCIENTIZAÇÃO E DIAGNOSTICO DA DOENÇA DE CROHN E RETOCOLITE ULCERATIVA, E DÁ OUTRAS PROVIDÊNCIAS.","Ver. EDUARDO TUMA (PSDB)Ver. RINALDI DIGILIO (UNIÃO)Ver. GILBERTO NASCIMENTO (PL)","Ver. ANDRÉ SANTOS (REPUBLICANOS)","15/03/2025 20:54:00 - FIN  (Recebido de SGP22)","21/05/2026 03:15 - Relator(a) / Assinar Relatório","434","2"
"PL 614/2020","DENOMINA PASSAGEM DE PEDESTRE HONORINA SILVA DE LIMA QUE LIGA RUA HUMBERTO DE ALMEIDA NA ALTURA DO N° 571 A RUA MANOEL VIEIRA SARMENTO ALTURA DO N° 203, SUBPREFEITURA DO M'BOI MIRIM, E DÁ OUTRAS PROVIDÊNCIAS","Ver. REIS (PT)Ver. JOÃO ANANIAS (PT)","Ver. KEIT LIMA (PSOL)","13/08/2025 17:57:00 - FIN  (Recebido de EDUC)","08/04/2026 06:24 - Relator(a) / Estudo para manifestação do relator","283","45"
"PL 579/2020","INSTITUI O PROGRAMA CONEXÃO ESCOLA E FAMÍLIA NA CIDADE DE SÃO PAULO E DÁ OUTRAS PROVIDÊNCIAS.","Ver. ELISEU GABRIEL (PSB)","Ver. SILVINHO LEITE (UNIÃO)","23/05/2025 10:36:00 - FIN  (Recebido de EDUC)","21/05/2026 05:15 - Secretaria (SGP12) / Em Condição de Pauta","365","2"
"PL 566/2020","AUTORIZA O PODER EXECUTIVO A ALTERAR O ZONEAMENTO DOS LOTES DO SETOR 020, QUADRA F009 DA RUA DO BOSQUE, NO DISTRITO DE SANTA CECÍLIA NA SUBPREFEITURA DA SÉ, E FIXA PROVIDÊNCIAS.","Ver. EDIR SALES (PSD)","Ver. SILVINHO LEITE (UNIÃO)","12/09/2025 16:37:00 - FIN  (Recebido de URB)","20/05/2026 09:23 - Consultoria / Para análise","253","3"
"PL 549/2020","ESTABELECE UM PADRÃO MÍNIMO PARA O EFETIVO DE SEGURANÇA EM EVENTOS PÚBLICOS, NO ÂMBITO DA CIDADE DE SÃO PAULO, NAS CONDIÇÕES QUE ESPECIFICA E DÁ OUTRAS PROVIDÊNCIAS.","Ver. GILBERTO NASCIMENTO (PL)","Ver. MAJOR PALUMBO (PP)","15/03/2025 20:43:00 - FIN  (Recebido de SGP22)","21/05/2026 04:39 - Secretaria (SGP12) / Retirado de pauta","434","2"
"PL 476/2020","PROÍBE A PRODUÇÃO E A COMERCIALIZAÇÃO DE MUDAS E O PLANTIO DA SPATHODEA CAMPANULATA, TAMBÉM CONHECIDA COMO “ESPATÓDEA”,“BISNAGUEIRA”, “TULIPEIRA-DO-GABÃO”, “XIXI-DE-MACACO OU “CHAMADA- FLORESTA” E AUTORIZA O CORTE E A PODA DAS EXISTENTES NO MUNICÍPIO DE SÃO PAULO.","Ver. GILBERTO NATALINI (S/PARTIDO)Ver. AURÉLIO NOMURA (PSD)Ver. PROFESSOR TONINHO VESPOLI (PSOL)","Ver. ANDRÉ SANTOS (REPUBLICANOS)","15/03/2025 20:43:00 - FIN  (Recebido de SGP22)","07/05/2026 04:53 - Relator(a) / Estudo para manifestação do relator","434","16"
"PL 469/2020","CONCEDE DESCONTO DE 90% (NOVENTA POR CENTO) SOBRE O TOTAL DA DÍVIDA DE CONTRIBUINTES SOBRE MULTAS APLICADAS SOBRE CALÇADAS IRREGULARES E TERRENOS VAZIOS E DÁ OUTRAS PROVIDÊNCIAS","Ver. GILBERTO NASCIMENTO (PL)","Ver. SILVINHO LEITE (UNIÃO)","15/03/2025 20:43:00 - FIN  (Recebido de SGP22)","19/03/2026 02:58 - Relator(a) / Estudo para manifestação do relator","434","65"
"PL 357/2020","INSTITUI CAMPANHA DE CONSCIENTIZAÇÃO E COMBATE AO ASSÉDIO CONTRA AS MULHERES NOS VEÍCULOS DE TRANSPORTE COLETIVO QUE CIRCULAM NO MUNICÍPIO DE SÃO PAULO E DÁ OUTRAS PROVIDÊNCIAS.","Ver. DRA. SANDRA TADEU (PL)Ver. RICARDO TEIXEIRA (UNIÃO)Ver. THAMMY MIRANDA (PSD)","Ver. SILVINHO LEITE (UNIÃO)","05/09/2025 12:11:00 - FIN  (Recebido de SAUDE)","16/04/2026 06:05 - Secretaria (SGP12) / Aguardando Informações do Executivo","260","37"
"PL 194/2020","CRIA O PROGRAMA EMERGENCIAL DE ASSISTÊNCIA IMEDIATA A PESSOAS SEM RENDA DEVIDO A CRISE CAUSADA PELA PANDEMIA DE CORONAVÍRUS/COVID-19 E DISPÕE SOBRE A DISTRIBUIÇÃO GRATUITA DE CESTA BÁSICAS E ITENS DE HIGIENE PESSOAL NO MUNICÍPIO DE SÃO PAULO.","Ver. FABIO RIVA (MDB)","Ver. MARCELO MESSIAS (MDB)","15/03/2025 07:35:00 - FIN  (Recebido de SGP22)","08/04/2026 06:24 - Relator(a) / Estudo para manifestação do relator","434","45"
"PL 176/2020","DISPÕE SOBRE A REMISSÃO DE CRÉDITOS TRIBUTÁRIOS DO IMPOSTO PREDIAL E TERRITORIAL URBANO – IPTU E A PRORROGAÇÃO DO PAGAMENTO DO IMPOSTO SOBRE SERVIÇOS DE QUALQUER NATUREZA - ISS, COMO MEDIDAS EXCEPCIONAIS DE COMBATE AOS EFEITOS DA PANDEMIA GERADA PELA COVID-19 NA POPULAÇÃO PAULISTANA.","Ver. AURÉLIO NOMURA (PSD)Ver. FERNANDO HOLIDAY (PL)Ver. QUITO FORMIGA (PSDB)Ver. GILSON BARRETO (MDB)Ver. PATRÍCIA BEZERRA (PSDB)Ver. POLICE (PSD)Ver. JANAÍNA LIMA (PP)Ver. DRA. SANDRA TADEU (PL)Ver. GILBERTO NATALINI (S/PARTIDO)Ver. CAIO MIRANDA CARNEIRO (UNIÃO)Ver. ALFREDINHO (PT)Ver. RINALDI DIGILIO (UNIÃO)Ver. REIS (PT)Ver. RICARDO NUNES (MDB)Ver. PAULO FRANGE (MDB)Ver. ALESSANDRO GUEDES (PT)Ver. MARCELO MESSIAS (MDB)Ver. RODRIGO GOULART (PSD)Ver. RUBINHO NUNES (UNIÃO)","Ver. SILVINHO LEITE (UNIÃO)","15/03/2025 07:25:00 - FIN  (Recebido de SGP22)","26/08/2025 01:48 - Secretaria (SGP12) / Aguardando Informações do Executivo","434","270"
"PL 163/2020","ALTERA OS ARTIGOS 25, 26 E ANEXO II DA LEI 16.417, DE 1º DE ABRIL DE 2016, QUE CRIA O QUADRO DE AGENTES VISTORES, QAV, RECONFIGURA CARREIRA E OS CARGOS EFETIVOS DE AGENTE VISTOR REORGANIZADOS PELO TÍTULO VI DA LEI Nº 13.652, DE 25 DE SETEMBRO DE 2003, BEM COMO INSTITUI NOVAS ESCALAS DE VENCIMENTOS E REVALORIZA A GRATIFICAÇÃO DE PRODUTIVIDADE FISCAL DEVIDA A ESSES PROFISSIONAIS E DÁ OUTRAS PROVIDÊNCIAS.","Ver. ISAC FÉLIX (PL)","Ver. SILVINHO LEITE (UNIÃO)","15/03/2025 07:25:00 - FIN  (Recebido de SGP22)","30/04/2025 09:31 - Secretaria (SGP12) / Aguardando Informações do Executivo","434","388"
"PL 116/2020","ALTERA O ARTIGO 17 DA LEI MUNICIPAL Nº 13.861, DE 29 DE JUNHO DE 2004 QUE DISPÕE SOBRE A CONCESSÃO DE VANTAGENS AOS SERVIDORES MUNICIPAIS E DÁ OUTRAS PROVIDÊNCIAS.","Ver. ANTONIO DONATO (PT)Ver. PROFESSOR TONINHO VESPOLI (PSOL)","Ver. KEIT LIMA (PSOL)","15/03/2025 07:25:00 - FIN  (Recebido de SGP22)","08/04/2026 06:24 - Relator(a) / Estudo para manifestação do relator","434","45"
"PL 112/2020","DISPÕE SOBRE A CONCESSÃO DE BENEFÍCIOS DE AUXÍLIO ALUGUEL DESTINADO ÀS MULHERES VÍTIMAS DE VIOLÊNCIA DOMÉSTICA NO MUNICÍPIO DE SÃO PAULO, E DÁ OUTRAS PROVIDÊNCIAS.","Ver. RICARDO TEIXEIRA (UNIÃO)Ver. PROFESSOR TONINHO VESPOLI (PSOL)","Ver. ANA CAROLINA OLIVEIRA (PODE)","15/03/2025 07:25:00 - FIN  (Recebido de SGP22)","10/04/2025 02:37 - Relator(a) / Estudo para manifestação do relator","434","408"
"PL 84/2020","DISPÕE SOBRE A OBRIGATORIEDADE DOS HOSPITAIS PÚBLICOS E PRIVADOS E INSTITUIÇÕES CONGÊNERES A NOTIFICAREM OCORRÊNCIAS DE USO DE BEBIDA ALCOÓLICA E/OU ENTORPECENTES POR CRIANÇAS E ADOLESCENTES NO MUNICÍPIO DE SÃO PAULO.","Ver. RINALDI DIGILIO (UNIÃO)Ver. GILBERTO NASCIMENTO (PL)","Ver. MAJOR PALUMBO (PP)","27/06/2025 11:45:00 - FIN  (Recebido de SAUDE)","01/10/2025 02:06 - Secretaria (SGP12) / Aguardando Notas Taquigráficas (Audiência realizada)","330","234"
"PL 80/2020","DISPÕE SOBRE A IMPLANTAÇÃO DE MÉDICO HEBIATRA NAS UNIDADES DE SAÚDE DO MUNICÍPIO DE SÃO PAULO.","Ver. RUTE COSTA (PL)Ver. ANDRÉ SANTOS (REPUBLICANOS)","Ver. MARCELO MESSIAS (MDB)","15/03/2025 07:25:00 - FIN  (Recebido de SGP22)","08/04/2026 06:24 - Relator(a) / Estudo para manifestação do relator","434","45"
"PDL 77/2020","CONCEDE A HONRARIA SALVA DE PRATA AO MINISTÉRIO DA AÇÃO SOLIDÁRIA ADVENTISTA - ASA, DA IGREJA ADVENTISTA DO SÉTIMO DIA DO UNASP-SP E DÁ OUTRAS PROVIDÊNCIAS","Ver. GILSON BARRETO (MDB)Ver. RUTE COSTA (PL)","Ver. ANDRÉ SANTOS (REPUBLICANOS)","29/09/2025 16:12:00 - FIN  (Recebido de EDUC)","21/05/2026 03:22 - Relator(a) / Assinar Relatório","236","2"
"PL 58/2020","ACRESCENTA PARÁGRAFO AO ART 1° DA LEI N° 12.632, DE 06 DE MAIO DE 1998, PARA ESTENDER A EXCLUSÃO DA RESTRIÇÃO DE CIRCULAÇÃO DE VEÍCULOS AOS JUÍZES DE PAZ QUE ATUEM NOS CARTÓRIOS DE REGISTRO CIVIL NO MUNICÍPIO DE SÃO PAULO.","Ver. GILBERTO NASCIMENTO (PL)","Ver. ANDRÉ SANTOS (REPUBLICANOS)","15/03/2025 07:25:00 - FIN  (Recebido de SGP22)","29/11/2025 01:55 - Relator(a) / Estudo para manifestação do relator","434","175"
"PL 771/2019","INSTITUI O PROGRAMA CIDADE COM GRAMA E DÁ OUTRAS PROVIDÊNCIAS","Ver. JAIR TATTO (PT)","Ver. ALESSANDRO GUEDES (PT)","15/03/2025 07:12:00 - FIN  (Recebido de SGP22)","21/05/2026 03:28 - Relator(a) / Assinar Relatório","434","2"
"PL 742/2019","DISPÕE SOBRE A REALIZAÇÃO DE PROCEDIMENTOS DE TANATOPRAXIA NO ÂMBITO DO MUNICÍPIO DE SÃO PAULO E DÁ OUTRAS PROVIDÊNCIAS.","Ver. TONINHO PAIVA (PL)Ver. ISAC FÉLIX (PL)","Ver. ALESSANDRO GUEDES (PT)","15/03/2025 07:12:00 - FIN  (Recebido de SGP22)","21/05/2026 03:32 - Relator(a) / Assinar Relatório","434","2"
"PL 654/2019","DISPÕE SOBRE A PRORROGAÇÃO DO PRAZO DE USO DE ÁREAS PÚBLICAS AO CENTRO DE ASSITÊNCIA SOCIAL E PROMOÇÃO DE VILA ALPINA - CASP E DÁ OUTRAS PROVIDÊNCIAS.","Ver. PAULO FRANGE (MDB)","","21/05/2026 14:46:00 - FIN  (Recebido de SAUDE)","21/05/2026 02:46 - Presidente da Comissão / Designar Relator","2","2"
"PL 630/2019","ALTERA A LEI Nº 13.766, DE 21 DE JANEIRO DE 2004, A FIM DE ESTENDER ININTERRUPTAMENTE O SERVIÇO DO HOSPITAL DO SERVIDOR PÚBLICO MUNICIPAL AOS FILHOS DOS SERVIDORES QUE TENHAM INICIADO TRATAMENTO ANTES DOS 18 ANOS ATÉ SEU RESPECTIVO TÉRMINO OU A COMPLETUDE DE SEUS 21 OU, CASO MATRICULADOS EM INSTITUIÇÕES DE ENSINO SUPERIOR, 24 ANOS.","Ver. REIS (PT)Ver. JOÃO ANANIAS (PT)","Ver. KEIT LIMA (PSOL)","13/05/2025 13:39:00 - FIN  (Recebido de SAUDE)","08/04/2026 06:19 - Relator(a) / Estudo para manifestação do relator","375","45"
"PL 626/2019","DISPÕE SOBRE A DESTINAÇÃO DE ESPAÇO NOS PARQUES MUNICIPAIS PARA A COLOCAÇÃO DE FRALDÁRIO E DÁ OUTRAS PROVIDÊNCIAS.","Ver. ISAC FÉLIX (PL)Ver. THAMMY MIRANDA (PSD)","Ver. ANA CAROLINA OLIVEIRA (PODE)","26/04/2025 08:17:00 - FIN  (Recebido de SAUDE)","19/03/2026 03:03 - Relator(a) / Estudo para manifestação do relator","392","65"
"PL 608/2019","INSTITUI A POLÍTICA MUNICIPAL DE DESENVOLVIMENTO SOCIAL DOS POVOS E COMUNIDADES TRADICIONAIS DA CIDADE DE SÃO PAULO E DÁ OUTRAS PROVIDÊNCIAS.","Ver. REIS (PT)Ver. JOÃO ANANIAS (PT)","Ver. ALESSANDRO GUEDES (PT)","13/05/2025 13:39:00 - FIN  (Recebido de SAUDE)","21/05/2026 03:34 - Relator(a) / Assinar Relatório","375","2"
"PL 596/2019","DISPÕE SOBRE A COLOCAÇÃO DE REDES DE PROTEÇÃO CONTRA QUEDAS EM ÁREAS DE CONVIVÊNCIA, NOS CASOS E LOCAIS QUE ESPECIFICA, PARA FINS DE SEGURANÇA E DÁ OUTRAS PROVIDÊNCIAS.","Ver. ISAC FÉLIX (PL)","Ver. SILVINHO LEITE (UNIÃO)","26/04/2025 08:17:00 - FIN  (Recebido de SAUDE)","04/03/2026 12:27 - Consultoria / Para análise","392","80"
"PL 569/2019","INSTITUI O FUNDO MUNICIPAL DE SEGURANÇA PÚBLICA DA CIDADE DE SÃO PAULO.","Ver. REIS (PT)Ver. JOÃO ANANIAS (PT)","Ver. KEIT LIMA (PSOL)","28/03/2025 08:52:00 - FIN  (Recebido de SGP22)","08/04/2026 06:19 - Consultoria (CTEO.1) / Para análise","421","45"
"PL 527/2019","DISPÕE NO ÂMBITO DO MUNICÍPIO DE SÃO PAULO A INSTALAÇÃO DE LEITOR DE BILHETE ÚNICO EM ALTURA COMPATÍVEL PARA ALCANCE DAS PESSOAS COM NANISMO E PESSOAS COM DEFICIÊNCIA OU MOBILIDADE REDUZIDA, E DÁ OUTRAS PROVIDÊNCIAS.","Ver. EDUARDO TUMA (PSDB)Ver. RINALDI DIGILIO (UNIÃO)Ver. GILBERTO NASCIMENTO (PL)","Ver. SILVINHO LEITE (UNIÃO)","15/08/2025 11:34:00 - FIN  (Recebido de SAUDE)","20/05/2026 09:23 - Consultoria / Para análise","281","3"
"PL 425/2019","DISPÕE SOBRE A OBRIGATORIEDADE DA DISPONIBILIZAÇÃO DE ÁLCOOL EM GEL ANTISSÉPTICO NOS ESTABELECIMENTOS BANCÁRIOS E SIMILARES.","Ver. JAIR TATTO (PT)","Ver. MAJOR PALUMBO (PP)","15/08/2025 11:34:00 - FIN  (Recebido de SAUDE)","21/05/2026 03:37 - Relator(a) / Assinar Relatório","281","2"
"PL 373/2019","ESTABELECE MEDIDAS E PROCEDIMENTOS PARA OS CASOS DE VIOLÊNCIA CONTRA PROFISSIONAIS DA EDUCAÇÃO OCORRIDOS NAS UNIDADES EDUCACIONAIS DA REDE PÚBLICA E PARTICULAR DO MUNICÍPIO DE SÃO PAULO.","Ver. RUTE COSTA (PL)Ver. EDIR SALES (PSD)","Ver. ANDRÉ SANTOS (REPUBLICANOS)","15/03/2025 06:54:00 - FIN  (Recebido de SGP22)","07/05/2026 04:40 - Relator(a) / Estudo para manifestação do relator","434","16"
"PL 305/2019","CRIA A GUARDA CIVIL ESCOLAR NO ÂMBITO DO MUNICÍPIO DE SÃO PAULO E DA OUTRAS PROVIDÊNCIAS.","Ver. RUTE COSTA (PL)Ver. EDIR SALES (PSD)Ver. JANAÍNA LIMA (PP)Ver. ATÍLIO FRANCISCO (REPUBLICANOS)","Ver. ANDRÉ SANTOS (REPUBLICANOS)","22/08/2025 11:24:00 - FIN  (Recebido de EDUC)","07/05/2026 04:47 - Relator(a) / Estudo para manifestação do relator","274","16"
"PL 292/2019","DISPÕE NO ÂMBITO DO MUNICÍPIO DE SÃO PAULO SOBRE A CAPACITAÇÃO DE JARDINEIROS PARA PODA DE ÁRVORES E DÁ OUTRAS PROVIDÊNCIAS.","Ver. RICARDO TEIXEIRA (UNIÃO)","Ver. ANDRÉ SANTOS (REPUBLICANOS)","15/03/2025 06:40:00 - FIN  (Recebido de SGP22)","20/05/2026 09:24 - Consultoria / Para análise","434","3"
"PL 242/2019","DISPÕE NO ÂMBITO DO MUNICÍPIO DE SÃO PAULO A CRIAÇÃO DE CLÍNICAS-ESCOLAS PARA AUTISTAS, E DÁ OUTRAS PROVIDÊNCIAS.","Ver. RICARDO TEIXEIRA (UNIÃO)Ver. DR. ADRIANO SANTOS (PT)","Ver. ANA CAROLINA OLIVEIRA (PODE)","27/06/2025 11:46:00 - FIN  (Recebido de SAUDE)","27/11/2025 05:07 - Relator(a) / Estudo para manifestação do relator","330","177"
"PL 219/2019","INCLUI NO ARTIGO 3° DA LEI N° 14.471, DE 10 DE JULHO DE 2007 A PROVÍNCIA DE GUIZHOU, DA REPÚBLICA POPULAR DA CHINA, E DÁ OUTRAS PROVIDÊNCIAS.","Ver. GEORGE HATO (MDB)","Ver. ANDRÉ SANTOS (REPUBLICANOS)","15/03/2025 06:40:00 - FIN  (Recebido de SGP22)","21/05/2026 03:39 - Relator(a) / Assinar Relatório","434","2"
"PL 195/2019","DISPÕE SOBRE A OBRIGATORIEDADE DO ENSINO DE LIBRAS - LÍNGUA BRASILEIRA DE SINAIS - EM ESCOLAS MUNICIPAIS E PRIVADAS.","Ver. RICARDO TEIXEIRA (UNIÃO)Ver. ANDRÉ SANTOS (REPUBLICANOS)","Ver. ANDRÉ SANTOS (REPUBLICANOS)","15/03/2025 06:40:00 - FIN  (Recebido de SGP22)","12/02/2026 01:43 - Consultoria / Para análise","434","100"
"PL 190/2019","DISPÕE NO ÂMBITO DO MUNICÍPIO DE SÃO PAULO SOBRE A SUBSTITUIÇÃO DE PLÁSTICOS POR MATERIAIS BIODEGRADÁVEIS E DÁ OUTRAS PROVIDÊNCIAS.","Ver. RICARDO TEIXEIRA (UNIÃO)","Ver. ROBERTO TRÍPOLI (PV)","09/04/2026 11:29:00 - FIN  (Recebido de SGP12)","09/04/2026 11:35 - Secretaria (SGP12)","44","44"
"PL 180/2019","ACRESCENTA O ART. 12-A A LEI N° 14.223, DE 26 DE SETEMBRO DE 2006, QUE DISPÕE SOBRE A ORDENAÇÃO DOS ELEMENTOS QUE COMPÕEM A PAISAGEM URBANA DO MUNICÍPIO DE SÃO PAULO, E DÁ OUTRAS PROVIDÊNCIAS.","Ver. RICARDO NUNES (MDB)Ver. MARCELO MESSIAS (MDB)","Ver. ALESSANDRO GUEDES (PT)","11/12/2025 10:49:00 - FIN  (Recebido de ECON)","08/04/2026 06:19 - Consultoria (CTEO.1) / Para análise","163","45"
"PL 83/2019","CRIA O PROGRAMA SÓCIO-EDUCACIONAL JEPOM – JOVENS NO EXERCÍCIO DO PROGRAMA DE ORIENTAÇÃO MUNICIPAL E AUTORIZA O PODER EXECUTIVO A CELEBRAR CONVÊNIOS COM ENTIDADES PARTICULARES, VISANDO À SUA CONSECUÇÃO NO MUNICÍPIO DE SÃO PAULO, E DÁ OUTRAS PROVIDÊNCIAS.","Ver. GILBERTO NASCIMENTO (PL)","Ver. ANDRÉ SANTOS (REPUBLICANOS)","15/03/2025 06:40:00 - FIN  (Recebido de SGP22)","21/05/2026 03:42 - Relator(a) / Assinar Relatório","434","2"
"PL 24/2019","INSTITUI O PROGRAMA DE SAÚDE OCULAR PARA ALUNOS DA REDE MUNICIPAL DE ENSINO E DÁ OUTRAS PROVIDÊNCIAS.","Ver. PAULO FRANGE (MDB)","Ver. ANDRÉ SANTOS (REPUBLICANOS)","15/03/2025 06:40:00 - FIN  (Recebido de SGP22)","21/05/2026 03:44 - Relator(a) / Assinar Relatório","434","2"
"PLO 6/2019","ADICIONA O § 4º AO ARTIGO 133 DA LEI ORGÂNICA DO MUNICÍPIO E DÁ OUTRAS PROVIDÊNCIAS.","Ver. REIS (PT)Ver. JOÃO ANANIAS (PT)","Ver. KEIT LIMA (PSOL)","14/03/2025 14:08:00 - FIN  (Recebido de SGP22)","08/04/2026 06:19 - Relator(a) / Estudo para manifestação do relator","435","45"
"PL 2/2019","INSTITUI NORMAS SOBRE A COLETA, RECICLAGEM, TRATAMENTO E DISPOSIÇÃO FINAL DE RESÍDUO TECNOLÓGICO NO MUNICÍPIO DE SÃO PAULO, E DÁ OUTRAS PROVIDÊNCIAS.","Ver. RICARDO TEIXEIRA (UNIÃO)","Ver. ROBERTO TRÍPOLI (PV)","09/04/2026 11:30:00 - FIN  (Recebido de SGP12)","09/04/2026 11:35 - Secretaria (SGP12)","44","44"
"PL 621/2018","DISPÕE SOBRE A COLOCAÇÃO DO NÚMERO DE TELEFONE DA OUVIDORIA DA GUARDA CIVIL METROPOLITANA – GCM EM SUAS VIATURAS, E DÁ OUTRAS PROVIDÊNCIAS.","Ver. SÂMIA BOMFIM (PSOL)Ver. EDUARDO MATARAZZO SUPLICY (PT)Ver. CELSO GIANNAZI (PSOL)Ver. PROFESSOR TONINHO VESPOLI (PSOL)Ver. JULIANA CARDOSO (PT)Ver. MARIO COVAS NETO (PODE)Ver. JAIR TATTO (PT)Ver. SILVIA DA BANCADA FEMINISTA (PSOL)Ver. LUNA ZARATTINI (PT)","Ver. MAJOR PALUMBO (PP)","14/03/2025 14:08:00 - FIN  (Recebido de SGP22)","27/04/2026 11:10 - Secretaria (SGP12) / Retirado de pauta","435","26"
"PL 597/2018","INSTITUI NO MUNICÍPIO DE SÃO PAULO O PROGRAMA “LIVRARIA CIDADÃ” E DÁ OUTRAS PROVIDÊNCIAS.","Ver. RUTE COSTA (PL)Ver. FERNANDO HOLIDAY (PL)","Ver. ANA CAROLINA OLIVEIRA (PODE)","14/03/2025 14:08:00 - FIN  (Recebido de SGP22)","22/05/2025 05:08 - Relator(a) / Estudo para manifestação do relator","435","366"
"PL 532/2018","AUTORIZA O PODER EXECUTIVO MUNICIPAL A ESTABELECER DIRETRIZES PARA A POLÍTICA PÚBLICA MUNICIPAL DE PROTEÇÃO, INCLUSÃO E ACOMPANHAMENTO EDUCACIONAL DOS ALUNOS COM EPILEPSIA NA REDE MUNICIPAL DE EDUCAÇÃO DA CIDADE DE SÃO PAULO E DÁ OUTRAS PROVIDÊNCIAS.","Ver. GILBERTO NATALINI (S/PARTIDO)Ver. DANIEL ANNENBERG (PSB)Ver. AURÉLIO NOMURA (PSD)Ver. CRIS MONTEIRO (NOVO)","Ver. GILBERTO NASCIMENTO (PL)","13/05/2025 13:39:00 - FIN  (Recebido de SAUDE)","08/04/2026 06:19 - Relator(a) / Estudo para manifestação do relator","375","45"
"PL 432/2018","REVOGA O INCISO II DO ARTIGO 9º DA LEI 16.703 DE 2017 E DÁ OUTRAS PROVIDÊNCIAS.","Ver. DRA. SANDRA TADEU (PL)","Ver. MARCELO MESSIAS (MDB)","14/03/2025 14:08:00 - FIN  (Recebido de SGP22)","12/02/2026 01:50 - Consultoria / Para análise","435","100"
"PL 418/2018","INSTITUI NO ÂMBITO DO SISTEMA DE ENSINO DO MUNICÍPIO DE SÃO PAULO O PROGRAMA EDUCAÇÃO DEMOCRÁTICA E EMANCIPATÓRIA.","Ver. ANTONIO DONATO (PT)Ver. JAIR TATTO (PT)Ver. PROFESSOR TONINHO VESPOLI (PSOL)Ver. LUNA ZARATTINI (PT)","Ver. ALESSANDRO GUEDES (PT)","14/03/2025 13:53:00 - FIN  (Recebido de SGP22)","29/04/2026 01:37 - Consultoria (CTEO.1) / Elaborar Minuta de Relatório","435","24"
"PL 347/2018","AUTORIZA O EXECUTIVO A CELEBRAR CONVÊNIO COM CURSOS PRÉ-VESTIBULAR, VISANDO À IMPLANTAÇÃO DO PROGRAMA MAIS-VESTIBULAR, JUNTO A ALUNOS DO ENSINO MÉDIO DE ESCOLAS MUNICIPAIS E DÁ OUTRAS PROVIDÊNCIAS.","Ver. RUTE COSTA (PL)Ver. CORONEL SALLES (PSD)","Ver. ANDRÉ SANTOS (REPUBLICANOS)","14/03/2025 13:53:00 - FIN  (Recebido de SGP22)","07/05/2026 04:44 - Relator(a) / Estudo para manifestação do relator","435","16"
"PL 238/2018","ESTABELECE DIRETRIZES PARA A INSTITUIÇÃO DO PROGRAMA RECREIO NAS FÉRIAS.","Ver. ARSELINO TATTO (PT)Ver. GILBERTO NASCIMENTO (PL)","Ver. ANA CAROLINA OLIVEIRA (PODE)","14/03/2025 13:53:00 - FIN  (Recebido de SGP22)","07/05/2026 04:56 - Relator(a) / Estudo para manifestação do relator","435","16"
"PL 235/2018","ALTERA O ARTIGO 45 DA LEI 16.693-17 E DÁ OUTRAS PROVIDÊNCIAS.","Ver. DRA. SANDRA TADEU (PL)","Ver. SILVINHO LEITE (UNIÃO)","14/03/2025 13:53:00 - FIN  (Recebido de SGP22)","24/11/2025 04:09 - Consultoria (CTEO.1) / Elaborar Minuta de Relatório","435","180"
"PL 44/2018","DISPÕE DA PROIBIÇÃO DE USO DE APARELHOS ELETRÔNICOS , CELULARES, TABLETS , SMARTPHONES E CONGÊNERES POR SERVIDORES PÚBLICOS MUNICIPAIS EM UNIDADES DE SAÚDE NO MUNICÍPIO DE SÃO PAULO E DÁ OUTRAS PROVIDÊNCIAS.","Ver. JAIR TATTO (PT)","Ver. SILVINHO LEITE (UNIÃO)","14/03/2025 13:52:00 - FIN  (Recebido de SGP22)","08/04/2026 06:19 - Consultoria (CTEO.1) / Para análise","435","45"
"PL 10/2018","DETERMINA QUE AS INSTITUIÇÕES DE ENSINO PÚBLICO OU PRIVADA NO MUNICÍPIO DE SÃO PAULO POSSUA FUNCIONÁRIO HABILITADO COM O CURSO DE PRIMEIRO SOCORROS.","Ver. RINALDI DIGILIO (UNIÃO)Ver. GILBERTO NASCIMENTO (PL)","Ver. MARCELO MESSIAS (MDB)","14/03/2025 13:52:00 - FIN  (Recebido de SGP22)","08/04/2026 06:32 - Relator(a) / Estudo para manifestação do relator","435","45"
"PL 816/2017","DISPÕE SOBRE A OBRIGATORIEDADE DE NOTIFICAÇÃO AOS PAIS OU RESPONSÁVEIS SOBRE A REALIZAÇÃO DE QUALQUER ATIVIDADE DENTRO OU FORA DO ESTABELECIMENTO DE ENSINO, SUA NATUREZA, SUA CORRELAÇÃO COM A BASE NACIONAL CURRICULAR COMUM E SEU OBJETIVO DIDÁTICO PEDAGÓGICO.","Ver. GILBERTO NASCIMENTO (PL)","Ver. ANA CAROLINA OLIVEIRA (PODE)","14/03/2025 13:32:00 - FIN  (Recebido de SGP22)","22/04/2026 05:41 - Relator(a) / Estudo para manifestação do relator","435","31"
"PL 755/2017","DÁ NOVA REDAÇÃO AO ART. 5º DA LEI 14.933 DE 5 DE JUNHO DE 2009.
 (INSTITUI A POLÍTICA DE MUDANÇA DO CLIMA NO MUNICÍPIO DE SÃO PAULO).","Ver. GILBERTO NATALINI (S/PARTIDO)Ver. AURÉLIO NOMURA (PSD)Ver. PROFESSOR TONINHO VESPOLI (PSOL)","Ver. ANDRÉ SANTOS (REPUBLICANOS)","14/03/2025 13:31:00 - FIN  (Recebido de SGP22)","25/03/2026 03:11 - Presidente da Comissão / Assinar Pedido de Informação ao Executivo","435","59"
"PL 750/2017","DISPÕE SOBRE A APLICAÇÃO DE MULTA PARA POLUIÇÃO SONORA DE ALARMES EM VEÍCULOS AUTOMOTORES ESTACIONADOS EM VIAS PÚBLICAS DA OUTRAS PROVIDÊNCIAS.","Ver. RUTE COSTA (PL)","Ver. ISAC FÉLIX (PL)","09/04/2026 11:30:00 - FIN  (Recebido de SGP12)","09/04/2026 11:35 - Secretaria (SGP12)","44","44"
"PL 731/2017","ESTABELECE A OBRIGATORIEDADE DE ARBORIZAÇÃO DE ESTACIONAMENTOS A CÉU ABERTO , FUNCIONANDO DIRETAMENTE SOBRE A SUPERFÍCIE DO SOLO E DÁ OUTRAS PROVIDÊNCIAS.","Ver. GILBERTO NATALINI (S/PARTIDO)Ver. AURÉLIO NOMURA (PSD)Ver. ELY TERUEL (MDB)Ver. PROFESSOR TONINHO VESPOLI (PSOL)","Ver. ANDRÉ SANTOS (REPUBLICANOS)","14/03/2025 13:31:00 - FIN  (Recebido de SGP22)","25/03/2026 03:11 - Presidente da Comissão / Assinar Pedido de Informação ao Executivo","435","59"
"PL 671/2017","DISPÕE SOBRE A CRIAÇÃO E IMPLANTAÇÃO DO HOSPITAL VETERINÁRIO MUNICIPAL DO ITAIM PAULISTA.","Ver. EDIR SALES (PSD)Ver. RODRIGO GOULART (PSD)","Ver. ANDRÉ SANTOS (REPUBLICANOS)","14/03/2025 13:31:00 - FIN  (Recebido de SGP22)","25/03/2026 03:08 - Presidente da Comissão / Assinar Pedido de Informação ao Executivo","435","59"
"PL 619/2017","ALTERA A REDAÇÃO DA LEI Nº 11.154, DE 30 DE DEZEMBRO DE 1991, QUE DISPÕE SOBRE O IMPOSTO SOBRE TRANSMISSÃO DE BENS “INTER VIVOS”, COM AS ALTERAÇÕES POSTERIORES, PARA CONCEDER ISENÇÃO EM CASO DE REGULARIZAÇÃO FUNDIÁRIA, E DÁ OUTRAS PROVIDÊNCIAS.","Ver. PROFESSOR TONINHO VESPOLI (PSOL)","Ver. KEIT LIMA (PSOL)","14/03/2025 13:31:00 - FIN  (Recebido de SGP22)","21/05/2026 01:13 - Secretaria (SGP12) / Em Condição de Pauta","435","2"
"PL 593/2017","ACRESCE O INCISO XIV AO ARTIGO 7º DA LEI 14.223 DE 26 DE SETEMBRO DE 2006 E DÁ OUTRAS PROVIDÊNCIAS. [ALTERA A LEI DA CIDADE LIMPA PARA NÃO CONSIDERAR ANÚNCIO NOMES, SÍMBOLOS, LOGOTIPOS OU LOGOMARCAS DE TEMPLOS OU LOCAIS DE CULTO RELIGIOSO DE QUALQUER CRENÇA.]","Ver. GILBERTO NASCIMENTO (PL)Ver. ANDRÉ SANTOS (REPUBLICANOS)","Ver. KEIT LIMA (PSOL)","14/03/2025 13:31:00 - FIN  (Recebido de SGP22)","09/04/2026 04:52 - Relator(a) / Estudo para manifestação do relator","435","44"
"PL 511/2017","DISPÕE SOBRE A OBRIGATORIEDADE DA REDE PÚBLICA E PRIVADA DE SAÚDE, A OFERECER LEITO SEPARADO PARA AS MÃES DE NATIMORTO E/OU MÃES COM ÓBITO FETAL, E DÁ OUTRAS PROVIDÊNCIAS.","Ver. CLAUDINHO DE SOUZA (PODE)Ver. PROFESSOR TONINHO VESPOLI (PSOL)","Ver. GILBERTO NASCIMENTO (PL)","14/03/2025 13:31:00 - FIN  (Recebido de SGP22)","08/04/2026 06:19 - Relator(a) / Estudo para manifestação do relator","435","45"
"PL 428/2017","INSTITUI A GRATUIDADE DO TRANSPORTE COLETIVO URBANO MUNICIPAL AOS MUNÍCIPES COM EXAME OU CONSULTA MÉDICA FIXADO PELO SISTEMA ÚNICO DE SAÚDE - SUS.","Ver. RUTE COSTA (PL)","Ver. MARCELO MESSIAS (MDB)","05/09/2025 12:11:00 - FIN  (Recebido de SAUDE)","19/03/2026 03:05 - Relator(a) / Estudo para manifestação do relator","260","65"
"PL 112/2017","DISPÕE SOBRE A ALTERAÇÃO DA LEI MUNICIPAL Nº 16.271, DE 17 DE SETEMBRO DE 2015 (PLANO MUNICIPAL DE ENSINO), COM A INCLUSÃO DE INCISOS NO ART. 2º, E ALTERAÇÃO DO ART. 7º, E DÁ OUTRAS PROVIDÊNCIAS.","Ver. RUTE COSTA (PL)","Ver. KEIT LIMA (PSOL)","14/03/2025 13:31:00 - FIN  (Recebido de SGP22)","09/04/2026 04:52 - Consultoria (CTEO.1) / Para análise","435","44"
"PL 551/2016","INSTITUI O FÓRUM MUNICIPAL DE EDUCAÇÃO DO MUNICÍPIO DE SÃO PAULO.","Executivo - FERNANDO HADDAD","Ver. ATÍLIO FRANCISCO (REPUBLICANOS)","09/11/2018 15:57:00 - FIN  (Recebido de EDUC)","12/08/2025 12:39 - Presidente da Comissão / Designar Relator","2752","284"
"PL 314/2016","ALTERA O ARTIGO 148 DA LEI Nº 16402, DE 22 DE MARÇO DE 2016, QUE DISCIPLINA O PARCELAMENTO, O USO E A OCUPAÇÃO DO SOLO NO MUNICÍPIO DE SÃO PAULO, DE ACORDO COM A LEI Nº 16.050, DE 31 DE JULHO DE 2014 - PLANO DIRETOR ESTRATÉGICO (PDE), PARA FIXAR NOVOS VALORES PARA AS MULTAS POR INFRAÇÃO AOS PARÂMETROS DE INCOMODIDADE, E DÁ OUTRAS PROVIDÊNCIAS.","Ver. DRA. SANDRA TADEU (PL)","Ver. MARCELO MESSIAS (MDB)","14/03/2025 10:05:00 - FIN  (Recebido de SGP22)","15/05/2025 05:19 - Relator(a) / Estudo para manifestação do relator","435","373"
"PL 139/2016","ESTABELECE PARÂMETROS PARA GARANTIA DA SEGURANÇA ENERGÉTICA HOSPITALAR NO MUNICÍPIO DE SÃO PAULO.","Ver. GEORGE HATO (MDB)","Ver. GILBERTO NASCIMENTO (PL)","14/03/2025 10:05:00 - FIN  (Recebido de SGP22)","08/04/2026 06:32 - Relator(a) / Estudo para manifestação do relator","435","45"
"PL 84/2016","ACRESCENTA O ART. 2º-B À LEI Nº 10.154, DE 07 DE OUTUBRO DE 1986, QUE DISPÕE SOBRE O TRANSPORTE COLETIVO DE ESCOLARES NO ÂMBITO DO MUNICÍPIO DE SÃO PAULO, A FIM DE AUTORIZAR A INSTALAÇÃO DE ANÚNCIOS PUBLICITÁRIOS NOS VEÍCULOS, E DÁ OUTRAS PROVIDÊNCIAS.","Ver. ABOU ANNI (UNIÃO)Ver. GILBERTO NASCIMENTO (PL)","Ver. ALESSANDRO GUEDES (PT)","09/12/2025 10:59:00 - FIN  (Recebido de SAUDE)","09/04/2026 04:52 - Consultoria (CTEO.1) / Para análise","165","44"
"PL 698/2015","ALTERA A LEI Nº 11.123 DE 1991, QUE DISPÕE SOBRE AS ELEIÇÕES PARA O CONSELHO TUTELAR NO MUNICÍPIO DE SÃO PAULO, E DÁ OUTRAS PROVIDÊNCIAS.","Ver. REIS (PT)Ver. JOÃO ANANIAS (PT)","Ver. KEIT LIMA (PSOL)","27/06/2025 11:48:00 - FIN  (Recebido de SAUDE)","22/04/2026 03:14 - Relator(a) / Estudo para manifestação do relator","330","31"
"PL 594/2015","INSTITUI O PROGRAMA MUNICIPAL ADOTE UMA ESCOLA.","Ver. JAIR TATTO (PT)","Ver. ANA CAROLINA OLIVEIRA (PODE)","14/03/2025 10:05:00 - FIN  (Recebido de SGP22)","08/04/2026 06:19 - Relator(a) / Estudo para manifestação do relator","435","45"
"PL 561/2015","ACRESCENTA O § 4º NO ART. 2º DA LEI Nº 16.211, DE 27 DE MAIO DE 2015, E O INC. IV NO ART. 4º DA LEI 15.150, DE 06 DE MAIO DE 2010, PARA PREVER A CONSTRUÇÃO DE MICRO TERMINAIS DE ÔNIBUS URBANO INTEGRANTES DO SISTEMA DE TRANSPORTE PÚBLICO MUNICIPAL ATRAVÉS DE PARCERIA PÚBLICO-PRIVADA NO ÂMBITO DO MUNICÍPIO DE SÃO PAULO, E DÁ OUTRAS PROVIDÊNCIAS.","Ver. ADILSON AMADEU (UNIÃO)","Ver. SILVINHO LEITE (UNIÃO)","02/12/2025 12:58:00 - FIN  (Recebido de SGP22)","03/12/2025 06:46 - Consultoria (CTEO.1) / Para análise","172","171"
"PL 337/2015","DISPÕE SOBRE A ADOÇÃO DO CARTÃO LEVE LEITE SÃO PAULO PARA REDUZIR OS CUSTOS DO PROGRAMA LEVE LEITE, E DÁ OUTRAS PROVIDÊNCIAS.","Ver. REIS (PT)Ver. JOÃO ANANIAS (PT)","Ver. KEIT LIMA (PSOL)","14/03/2025 10:05:00 - FIN  (Recebido de SGP22)","08/04/2026 06:32 - Relator(a) / Estudo para manifestação do relator","435","45"
"PL 17/2015","DISPÕE SOBRE A DECLARAÇÃO DE UTILIDADE PÚBLICA O IMÓVEL LOCALIZADO NA RUA SABBADO          D´ANGELO, Nº 657, DISTRITO DE ITAQUERA, CEP 08210-790, PARA CONSTRUÇÃO DE EQUIPAMENTO CULTURAL.","Ver. PROFESSOR TONINHO VESPOLI (PSOL)","Ver. ISAC FÉLIX (PL)","09/04/2026 11:29:00 - FIN  (Recebido de SGP12)","09/04/2026 11:35 - Secretaria (SGP12)","44","44"
"PL 669/2013","DISPÕE SOBRE A PROIBIÇÃO DO CONSUMO DE BEBIDAS ALCOÓLICAS NOS PARQUES PÚBLICOS DO MUNICÍPIO DE SÃO PAULO, E DÁ OUTRAS PROVIDÊNCIAS.","Ver. RICARDO NUNES (MDB)Ver. GEORGE HATO (MDB)Ver. PATRÍCIA BEZERRA (PSDB)Ver. FLORIANO PESARO (PSDB)Ver. JEAN MADEIRA (REPUBLICANOS)Ver. MARQUITO (PTB)Ver. SOUZA SANTOS (REPUBLICANOS)Ver. OTA (PSB)Ver. VAVÁ (PT)Ver. MARCELO MESSIAS (MDB)","Ver. ANDRÉ SANTOS (REPUBLICANOS)","14/03/2025 09:57:00 - FIN  (Recebido de SGP22)","29/04/2026 04:24 - Consultoria (CTEO.1) / Elaborar Minuta de Relatório","435","24"
"PL 628/2013","DISPÕE SOBRE O TERMO DE DIREITO Â EXPOSIÇÃO E COMERCIALIZAÇÃO DE PRODUTOS ARTESANAIS - TDEC A SER EMITIDO COMO AUTORIZAÇÃO AOS ARTESÃOS PARA EXPOSIÇÃO E COMERCIALIZAÇÃO DE PRODUTOS ARTESANAIS DE SUA FABRICAÇÃO NAS FEIRAS DE ARTES, ANTIGUIDADES E ARTESANATO NO ÂMBITO DO MUNICÍPIO DE SÃO PAULO, E DÁ OUTRAS PROVIDÊNCIAS.","Ver. ALFREDINHO (PT)Ver. GOULART (PSD)Ver. ARSELINO TATTO (PT)Ver. JAIR TATTO (PT)Ver. MILTON LEITE (UNIÃO)Ver. RICARDO NUNES (MDB)Ver. RODRIGO GOULART (PSD)Ver. MARCELO MESSIAS (MDB)","Ver. SILVINHO LEITE (UNIÃO)","16/05/2025 10:20:00 - FIN  (Recebido de SAUDE)","27/04/2026 05:44 - Secretaria (SGP.12) / Aguardando Resposta do Executivo","372","26"
"PL 6/2013","DISPÕE SOBRE A OBRIGATORIEDADE DA PREFEITURA DIVULGAR VIA INTERNET A IMAGEM DO ALVARÁ DE FUNCIONAMENTO DOS LOCAIS DE REUNIÃO; DETERMINA A DIVULGAÇÃO DO LINK COM O ALVARÁ DE FUNCIONAMENTO DIVULGADO PELA PREFEITURA NO SITE DO ESTABELECIMENTO, E DÁ OUTRAS PROVIDÊNCIAS.","Ver. ANDREA MATARAZZO (PSD)Ver. CLAUDINHO DE SOUZA (PODE)Ver. CORONEL TELHADA (PSDB)Ver. FLORIANO PESARO (PSDB)Ver. GILSON BARRETO (MDB)Ver. MARIO COVAS NETO (PODE)Ver. PATRÍCIA BEZERRA (PSDB)Ver. FABIO RIVA (MDB)","Ver. SILVINHO LEITE (UNIÃO)","29/08/2025 16:30:00 - FIN  (Recebido de ADM)","21/05/2026 04:37 - Secretaria (SGP12) / Retirado de pauta","267","2"
"PL 134/2012","DISPÕE SOBRE A EXPOSIÇÃO, NOS LOCAIS QUE ESPECIFICA, DE BEBIDAS ALCOÓLICAS, NO MUNICÍPIO DE SÃO PAULO, E DÁ OUTRAS PROVIDÊNCIAS.","Ver. ADILSON AMADEU (UNIÃO)","Ver. MARCELO MESSIAS (MDB)","02/12/2025 12:58:00 - FIN  (Recebido de SGP22)","12/03/2026 03:24 - Relator(a) / Estudo para manifestação do relator","172","72"
"PL 609/2011","DISPÕE SOBRE A CONCESSÃO DE INCENTIVO À IMPLANTAÇÃO DE ATIVIDADES DE SAÚDE NAS ÁREAS ENVOLTÓRIAS DE HOSPITAIS EXISTENTES, E DÁ OUTRAS PROVIDÊNCIAS.","Ver. POLICE (PSD)Ver. MARCO AURELIO CUNHA (PSD)Ver. DRA. SANDRA TADEU (PL)Ver. GILBERTO NATALINI (S/PARTIDO)Ver. PAULO FRANGE (MDB)Ver. JAMIL MURAD (PC DO B)Ver. DR. MILTON FERREIRA (PODE)","Ver. ANA CAROLINA OLIVEIRA (PODE)","03/11/2025 10:32:00 - FIN  (Recebido de SAUDE)","14/05/2026 03:51 - Relator(a) / Estudo para manifestação do relator","201","9"
"PL 605/2011","MODIFICA A REDAÇÃO DO ARTIGO 177 E 212 DA LEI 13.430 DE 13 DE SETEMBRO DE 2002, MODIFICA A REDAÇÃO DO ART. 200 DA LEI 13.885, DE 25 DE AGOSTO DE 2004.","Ver. POLICE (PSD)Ver. CHICO MACENA (PT)Ver. TIÃO FARIAS (PSDB)Ver. TONINHO PAIVA (PL)Ver. PAULO FRANGE (MDB)Ver. ITALO CARDOSO (PT)Ver. JUSCELINO GADELHA (PSB)Ver. QUITO FORMIGA (PSDB)","Ver. KEIT LIMA (PSOL)","14/03/2025 09:46:00 - FIN  (Recebido de SGP22)","09/04/2026 04:52 - Relator(a) / Estudo para manifestação do relator","435","44"
"PL 760/2009","CRIA O PARQUE VERDE HENRY FORD, EM ÁREA QUE ESPECIFICA E AUTORIZA O EXECUTIVO A DECLARAR A UTILIDADE PÚBLICA E EFETIVAR A DESAPROPRIAÇÃO. (LOCALIZADA NO SETOR 032, DA QUADRA 111, LOTE 0005 E DELIMITADA PELAS RUAS CAPITÃO PACHECO E CHAVES, HENRY FORD E AV. DIANÓPOLIS).","Ver. ADILSON AMADEU (UNIÃO)","Ver. MAJOR PALUMBO (PP)","02/12/2025 12:58:00 - FIN  (Recebido de SGP22)","22/04/2026 03:24 - Relator(a) / Estudo para manifestação do relator","172","31"
"PL 92/2008","DENOMINA ""RUA MAXIMINO RODRIGUES DE SANTANA"", A PASSAGEM 32, SITUADA NA TRAVESSA DA RUA MAPIXI, NA VILA VERDE EM ITAQUERA, E DÁ OUTRAS PROVIDÊNCIAS.","Ver. JOSÉ FERREIRA (ZELÃO) (PT)Ver. ALESSANDRO GUEDES (PT)","Ver. KEIT LIMA (PSOL)","05/09/2025 14:52:00 - FIN  (Recebido de SGP22)","08/04/2026 06:19 - Consultoria (CTEO.1) / Para análise","260","45"
"PL 678/2006","INSTITUI O PLANO MUNICIPAL DE DRENAGEM URBANA.","Ver. PAULO FRANGE (MDB)","Ver. MARCELO MESSIAS (MDB)","14/03/2025 09:46:00 - FIN  (Recebido de SGP22)","12/02/2026 11:09 - Consultoria / Para análise","435","100"
"PL 87/2004","OBJETIVA REPARAR PREJUÍZOS MORAIS E/OU PECUNIÁRIOS CAUSADOS A PRESOS POLÍTICOS PERSEGUIDOS E DETIDOS POR ORGÃOS DE REPRESSÃO NO PERÍODO DE 31/03/64 A 15/08/79.","Ver. ELISEU GABRIEL (PSB)Ver. JULIANA CARDOSO (PT)","Ver. ALESSANDRO GUEDES (PT)","14/03/2025 09:46:00 - FIN  (Recebido de SGP22)","29/04/2026 01:34 - Consultoria (CTEO.1) / Elaborar Minuta de Relatório","435","24"
"PL 207/2003","""PROÍBE A UTILIZAÇÃO  DE  APARELHOS CELULARES, RÁDIOS COMUNICADORES E AFINS NO INTERIOR DAS AGÊNCIAS E POS- TOS BANCÁRIOS INSTALADOS NO MUNICÍPIO DE SÃO PAULO.""","Ver. PAULO FRANGE (MDB)","Ver. FERNANDO HOLIDAY (PL)","09/04/2026 11:29:00 - FIN  (Recebido de SGP12)","09/04/2026 11:35 - Secretaria (SGP12)","44","44"